"Google Japan, UI言語: 日本語"
キーワード,Url,検索ボリューム,クリック数,2026-02-10,変動,URL,2026-02-11,変動,URL,2026-02-12,変動,URL
"外国人採用 リスク管理",,0,1,3,0,https://gaikoku-jinzai.tcj-education.com/posts/risk_managemen,2,1,https://gaikoku-jinzai.tcj-education.com/posts/risk_managemen,2,0,https://gaikoku-jinzai.tcj-education.com/posts/risk_managemen
"外国人 日本語レベル 見極め",,0,0,3,0,https://gaikoku-jinzai.tcj-education.com/posts/japanese_lang_skills,22,-19,https://gaikoku-jinzai.tcj-education.com/posts/japanese_lang_skills,2,20,https://gaikoku-jinzai.tcj-education.com/posts/japanese_lang_skills
"外国人 オンボーディング",,0,0,3,0,https://gaikoku-jinzai.tcj-education.com/posts/onboarding,3,0,https://gaikoku-jinzai.tcj-education.com/posts/onboarding,3,0,https://gaikoku-jinzai.tcj-education.com/posts/onboarding
"フィリピン人 介護 採用",,0,GSCにデータ無し,5,0,https://gaikoku-jinzai.tcj-education.com/posts/filipino_personnel,5,0,https://gaikoku-jinzai.tcj-education.com/posts/filipino_personnel,5,0,https://gaikoku-jinzai.tcj-education.com/posts/filipino_personnel
"外国人 ビジネスマナー 比較",,0,0,8,0,https://gaikoku-jinzai.tcj-education.com/posts/business_manners,24,-16,https://gaikoku-jinzai.tcj-education.com/posts/business_manners,8,16,https://gaikoku-jinzai.tcj-education.com/posts/business_manners
"日本語学習時間 目安",,0,0,6,0,https://gaikoku-jinzai.tcj-education.com/posts/time_to_learn_japanese,12,-6,https://gaikoku-jinzai.tcj-education.com/posts/time_to_learn_japanese,8,4,https://gaikoku-jinzai.tcj-education.com/posts/time_to_learn_japanese
"フィリピン 介護 人材",,10,0,10,0,https://gaikoku-jinzai.tcj-education.com/posts/filipino_personnel,10,0,https://gaikoku-jinzai.tcj-education.com/posts/filipino_personnel,10,0,https://gaikoku-jinzai.tcj-education.com/posts/filipino_personnel
"フィリピン人 介護士",,0,0,16,0,https://gaikoku-jinzai.tcj-education.com/posts/nursing_care_training,-,0,https://gaikoku-jinzai.tcj-education.com/posts/nursing_care_training,16,84,https://gaikoku-jinzai.tcj-education.com/posts/nursing_care_training
"JLPT ビジネスレベル",,0,0,21,0,https://gaikoku-jinzai.tcj-education.com/posts/japanese_lang_skills,32,-11,https://gaikoku-jinzai.tcj-education.com/posts/japanese_lang_skills,23,9,https://gaikoku-jinzai.tcj-education.com/posts/japanese_lang_skills
"外国人採用 失敗",,0,0,25,0,https://gaikoku-jinzai.tcj-education.com/posts/risk_managemen,33,-8,https://gaikoku-jinzai.tcj-education.com/posts/risk_managemen,25,8,https://gaikoku-jinzai.tcj-education.com/posts/risk_managemen
"外国人 求人票 ポイント",,0,0,37,0,https://gaikoku-jinzai.tcj-education.com/posts/job_posting2,35,2,https://gaikoku-jinzai.tcj-education.com/posts/job_posting2,29,6,https://gaikoku-jinzai.tcj-education.com/posts/job_posting2
"フィリピン人材 特徴",,0,0,53,0,https://gaikoku-jinzai.tcj-education.com/posts/filipino_personnel,53,0,https://gaikoku-jinzai.tcj-education.com/posts/filipino_personnel,30,23,https://gaikoku-jinzai.tcj-education.com/posts/filipino_personnel
"外国人 採用 コスト",,10,0,96,0,https://gaikoku-jinzai.tcj-education.com/posts/recruitment_cost,38,58,https://gaikoku-jinzai.tcj-education.com/posts/recruitment_cost,33,5,https://gaikoku-jinzai.tcj-education.com/posts/recruitment_cost
"優秀 外国人 採用",,0,0,7,0,https://gaikoku-jinzai.tcj-education.com/posts/recruitment_cost,-,0,https://gaikoku-jinzai.tcj-education.com/posts/recruitment_cost,36,64,https://gaikoku-jinzai.tcj-education.com/posts/recruitment_cost
"外国人 人権 問題",,1300,0,82,0,https://gaikoku-jinzai.tcj-education.com/posts/gaikokujin-jinken-mondai,86,-4,https://gaikoku-jinzai.tcj-education.com/posts/gaikokujin-jinken-mondai,38,48,https://gaikoku-jinzai.tcj-education.com/posts/gaikokujin-jinken-mondai
"ネパール人材 特徴",,0,1,-,0,https://gaikoku-jinzai.tcj-education.com/posts/nepali_personnel,39,61,https://gaikoku-jinzai.tcj-education.com/posts/nepali_personnel,39,0,https://gaikoku-jinzai.tcj-education.com/posts/nepali_personnel
"働き方 違い 海外",,0,0,46,0,https://gaikoku-jinzai.tcj-education.com/posts/work_life_balance,52,-6,https://gaikoku-jinzai.tcj-education.com/posts/work_life_balance,41,11,https://gaikoku-jinzai.tcj-education.com/posts/work_life_balance
"育成就労制度 とは",,20,0,46,0,https://gaikoku-jinzai.tcj-education.com/posts/ikusei-shuro-seido,62,-16,https://gaikoku-jinzai.tcj-education.com/posts/ikusei-shuro-seido,41,21,https://gaikoku-jinzai.tcj-education.com/posts/ikusei-shuro-seido
"留学生 雇用 方法",,0,0,-,0,https://gaikoku-jinzai.tcj-education.com/posts/parttimework_for_international_students,-,0,https://gaikoku-jinzai.tcj-education.com/posts/parttimework_for_international_students,43,57,https://gaikoku-jinzai.tcj-education.com/posts/parttimework_for_international_students
"留学生 アルバイト 28時間",,390,GSCにデータ無し,-,0,https://gaikoku-jinzai.tcj-education.com/posts/parttimework_for_international_students,54,46,https://gaikoku-jinzai.tcj-education.com/posts/parttimework_for_international_students,43,11,https://gaikoku-jinzai.tcj-education.com/posts/parttimework_for_international_students
"海外 ビジネスマナー",,50,0,63,0,https://gaikoku-jinzai.tcj-education.com/posts/business_manners,75,-12,https://gaikoku-jinzai.tcj-education.com/posts/business_manners,65,10,https://gaikoku-jinzai.tcj-education.com/posts/business_manners
"育成就労 技能実習 違い",,110,0,-,0,https://gaikoku-jinzai.tcj-education.com/posts/ikusei-shuro-seido,84,16,https://gaikoku-jinzai.tcj-education.com/posts/ikusei-shuro-seido,70,14,https://gaikoku-jinzai.tcj-education.com/posts/ikusei-shuro-seido
"育成就労制度 いつから",,1000,0,97,0,https://gaikoku-jinzai.tcj-education.com/posts/ikusei-shuro-seido,72,25,https://gaikoku-jinzai.tcj-education.com/posts/ikusei-shuro-seido,72,0,https://gaikoku-jinzai.tcj-education.com/posts/ikusei-shuro-seido
"外国人 採用 課題",,20,0,97,0,https://gaikoku-jinzai.tcj-education.com/posts/status_and_issues_hiring_foreigner,87,10,https://gaikoku-jinzai.tcj-education.com/posts/status_and_issues_hiring_foreigner,77,10,https://gaikoku-jinzai.tcj-education.com/posts/status_and_issues_hiring_foreigner
"ワークライフバランス 国別",,0,0,13,0,https://gaikoku-jinzai.tcj-education.com/posts/work_life_balance,-,0,https://gaikoku-jinzai.tcj-education.com/posts/work_life_balance,87,13,https://gaikoku-jinzai.tcj-education.com/posts/work_life_balance
"育成就労制度 技能実習 違い",,20,0,51,0,https://gaikoku-jinzai.tcj-education.com/posts/ikusei-shuro-seido,79,-28,https://gaikoku-jinzai.tcj-education.com/posts/ikusei-shuro-seido,94,-15,https://gaikoku-jinzai.tcj-education.com/posts/ikusei-shuro-seido
"外国人 採用 注意点",,390,0,-,0,https://gaikoku-jinzai.tcj-education.com/posts/points_to_note,-,0,https://gaikoku-jinzai.tcj-education.com/posts/points_to_note,-,0,https://gaikoku-jinzai.tcj-education.com/posts/points_to_note
"外国人 選考 ポイント",,0,0,-,0,https://gaikoku-jinzai.tcj-education.com/posts/points_to_note,-,0,https://gaikoku-jinzai.tcj-education.com/posts/points_to_note,-,0,https://gaikoku-jinzai.tcj-education.com/posts/points_to_note
"外国人 人材派遣",,260,GSCにデータ無し,-,0,,-,0,,-,0,
"外国人 人材紹介 メリット デメリット",,0,GSCにデータ無し,-,0,,-,0,,-,0,
"留学生 アルバイト 採用",,10,0,29,0,https://gaikoku-jinzai.tcj-education.com/posts/parttimework_for_international_students,-,0,https://gaikoku-jinzai.tcj-education.com/posts/parttimework_for_international_students,-,0,https://gaikoku-jinzai.tcj-education.com/posts/parttimework_for_international_students
"外国人材 雇用条件",,0,GSCにデータ無し,-,0,https://gaikoku-jinzai.tcj-education.com/posts/precautions_steps-to-Adoption,-,0,https://gaikoku-jinzai.tcj-education.com/posts/precautions_steps-to-Adoption,-,0,https://gaikoku-jinzai.tcj-education.com/posts/precautions_steps-to-Adoption
"外国人 採用 条件",,10,GSCにデータ無し,-,0,https://gaikoku-jinzai.tcj-education.com/posts/precautions_steps-to-Adoption,-,0,https://gaikoku-jinzai.tcj-education.com/posts/precautions_steps-to-Adoption,-,0,https://gaikoku-jinzai.tcj-education.com/posts/precautions_steps-to-Adoption
"ダイバーシティ採用 メリット",,0,GSCにデータ無し,-,0,,-,0,,-,0,
"ダイバーシティ 企業成長",,0,GSCにデータ無し,-,0,,-,0,,-,0,
"外国人 採用 面接",,20,GSCにデータ無し,-,0,,-,0,,-,0,
"外国人 面接 質問",,140,GSCにデータ無し,91,0,https://gaikoku-jinzai.tcj-education.com/posts/nursing_care1,-,0,https://gaikoku-jinzai.tcj-education.com/posts/nursing_care1,-,0,https://gaikoku-jinzai.tcj-education.com/posts/nursing_care1
"外国人 採用 フロー",,0,GSCにデータ無し,-,0,,-,0,,-,0,
"外国人 採用 面接 進め方",,0,GSCにデータ無し,-,0,,-,0,,-,0,
"外国人 採用 接客",,0,GSCにデータ無し,-,0,https://gaikoku-jinzai.tcj-education.com/posts/Training_customer_service_staff,-,0,https://gaikoku-jinzai.tcj-education.com/posts/Training_customer_service_staff,-,0,https://gaikoku-jinzai.tcj-education.com/posts/Training_customer_service_staff
"外国人 採用 介護",,50,GSCにデータ無し,-,0,,-,0,,-,0,
"外国人 採用 エンジニア",,170,GSCにデータ無し,-,0,,-,0,,-,0,
"外国人 募集 方法",,10,GSCにデータ無し,-,0,,-,0,,-,0,
"外国人 求人 募集",,20,GSCにデータ無し,-,0,,-,0,,-,0,
"外国人 求人票 書き方",,0,0,14,0,https://gaikoku-jinzai.tcj-education.com/posts/job_posting2,-,0,https://gaikoku-jinzai.tcj-education.com/posts/job_posting2,-,0,https://gaikoku-jinzai.tcj-education.com/posts/job_posting2
"優秀 外国人 見極め",,0,0,-,0,https://gaikoku-jinzai.tcj-education.com/posts/japanese_lang_skills,-,0,https://gaikoku-jinzai.tcj-education.com/posts/japanese_lang_skills,-,0,https://gaikoku-jinzai.tcj-education.com/posts/japanese_lang_skills
"地方企業 外国人採用",,0,GSCにデータ無し,-,0,,-,0,,-,0,
"外国人採用 成功事例",,10,0,-,0,https://gaikoku-jinzai.tcj-education.com/posts/recruitment_cost,-,0,https://gaikoku-jinzai.tcj-education.com/posts/recruitment_cost,-,0,https://gaikoku-jinzai.tcj-education.com/posts/recruitment_cost
"外国人 志望動機 見抜く",,0,0,15,0,https://gaikoku-jinzai.tcj-education.com/posts/japanese_lang_skills,12,3,https://gaikoku-jinzai.tcj-education.com/posts/japanese_lang_skills,-,0,https://gaikoku-jinzai.tcj-education.com/posts/japanese_lang_skills
"外国人 採用 ミスマッチ",,0,GSCにデータ無し,-,0,https://gaikoku-jinzai.tcj-education.com/posts/risk_managemen,-,0,https://gaikoku-jinzai.tcj-education.com/posts/risk_managemen,-,0,https://gaikoku-jinzai.tcj-education.com/posts/risk_managemen
"ミスマッチ 防ぐ コミュニケーション",,0,GSCにデータ無し,-,0,,-,0,,-,0,
"外国人 採用 求人媒体",,0,GSCにデータ無し,-,0,,-,0,,-,0,
"外国人 採用 プラットフォーム",,0,GSCにデータ無し,-,0,,-,0,,-,0,
"外国人 面接 通訳",,0,GSCにデータ無し,-,0,,-,0,,-,0,
"面接 通訳 注意点",,0,GSCにデータ無し,-,0,,-,0,,-,0,
"外国人 採用 人柄重視",,0,0,-,0,https://gaikoku-jinzai.tcj-education.com/posts/points_to_note,-,0,https://gaikoku-jinzai.tcj-education.com/posts/points_to_note,-,0,https://gaikoku-jinzai.tcj-education.com/posts/points_to_note
"初めて 外国人採用",,0,GSCにデータ無し,-,0,,-,0,,-,0,
"外国人 採用 準備",,0,GSCにデータ無し,-,0,https://gaikoku-jinzai.tcj-education.com/posts/precautions_steps-to-Adoption,-,0,https://gaikoku-jinzai.tcj-education.com/posts/precautions_steps-to-Adoption,-,0,https://gaikoku-jinzai.tcj-education.com/posts/precautions_steps-to-Adoption
"外国人 採用 やること",,0,GSCにデータ無し,-,0,https://gaikoku-jinzai.tcj-education.com/posts/precautions_steps-to-Adoption,-,0,https://gaikoku-jinzai.tcj-education.com/posts/precautions_steps-to-Adoption,-,0,https://gaikoku-jinzai.tcj-education.com/posts/precautions_steps-to-Adoption
"外国人 採用 手続き",,50,GSCにデータ無し,-,0,,-,0,,-,0,
"技能実習 特定技能 違い",,320,GSCにデータ無し,-,0,,-,0,,-,0,
"技能実習 とは",,30,GSCにデータ無し,-,0,,-,0,,-,0,
"在留資格 特定活動",,1000,GSCにデータ無し,-,0,,-,0,,-,0,
"高度専門職 とは",,20,GSCにデータ無し,-,0,,-,0,,-,0,
"特定技能 介護",,500,GSCにデータ無し,-,0,,-,0,,-,0,
"特定技能 宿泊",,720,GSCにデータ無し,-,0,,-,0,,-,0,
"特定技能 外食",,320,GSCにデータ無し,-,0,,-,0,,-,0,
"留学生 採用 ビザ変更",,0,GSCにデータ無し,-,0,,-,0,,-,0,
在留資格変更手続き,,70,GSCにデータ無し,-,0,,-,0,,-,0,
"在留資格 更新",,2900,0,-,0,https://gaikoku-jinzai.tcj-education.com/posts/zairyu-shikaku,-,0,https://gaikoku-jinzai.tcj-education.com/posts/zairyu-shikaku,-,0,https://gaikoku-jinzai.tcj-education.com/posts/zairyu-shikaku
"ビザ 更新 手続き",,110,GSCにデータ無し,-,0,,-,0,,-,0,
"技術人文国際業務 更新",,0,GSCにデータ無し,-,0,,-,0,,-,0,
"技人国 更新",,140,GSCにデータ無し,-,0,,-,0,,-,0,
資格外活動許可,,2900,GSCにデータ無し,-,0,,-,0,,-,0,
"監理団体 登録支援機関 違い",,50,GSCにデータ無し,-,0,,-,0,,-,0,
"特定技能試験 会場",,10,GSCにデータ無し,-,0,,-,0,,-,0,
"特定技能試験 日程",,70,GSCにデータ無し,-,0,,-,0,,-,0,
"特定技能 合格率",,10,GSCにデータ無し,-,0,,-,0,,-,0,
"外国人 社会保険",,480,GSCにデータ無し,-,0,,-,0,,-,0,
"外国人 雇用保険 加入義務",,10,GSCにデータ無し,-,0,,-,0,,-,0,
"ビザ 不許可 理由",,30,GSCにデータ無し,-,0,,-,0,,-,0,
"在留資格 不許可 企業側",,0,GSCにデータ無し,-,0,,-,0,,-,0,
"外国人 定着",,20,GSCにデータ無し,-,0,https://gaikoku-jinzai.tcj-education.com/posts/solving_communication_issues,-,0,https://gaikoku-jinzai.tcj-education.com/posts/solving_communication_issues,-,0,https://gaikoku-jinzai.tcj-education.com/posts/solving_communication_issues
"外国人 離職防止",,0,GSCにデータ無し,-,0,,-,0,,-,0,
"外国人 職場環境",,0,GSCにデータ無し,-,0,https://gaikoku-jinzai.tcj-education.com/posts/Training_customer_service_staff,-,0,https://gaikoku-jinzai.tcj-education.com/posts/Training_customer_service_staff,-,0,https://gaikoku-jinzai.tcj-education.com/posts/Training_customer_service_staff
"外国人 定着率 上げる",,0,GSCにデータ無し,-,0,https://gaikoku-jinzai.tcj-education.com/posts/improve_the_retention_rate,-,0,https://gaikoku-jinzai.tcj-education.com/posts/improve_the_retention_rate,-,0,https://gaikoku-jinzai.tcj-education.com/posts/improve_the_retention_rate
"外国人材 定着支援",,0,GSCにデータ無し,-,0,https://gaikoku-jinzai.tcj-education.com/download/material/recruitment02,-,0,https://gaikoku-jinzai.tcj-education.com/download/material/recruitment02,-,0,https://gaikoku-jinzai.tcj-education.com/download/material/recruitment02
"外国人受け入れ 準備",,10,GSCにデータ無し,-,0,,-,0,,-,0,
"外国人材 サポート",,0,GSCにデータ無し,-,0,,-,0,,-,0,
"外国人社員 フォロー",,0,GSCにデータ無し,-,0,https://gaikoku-jinzai.tcj-education.com/posts/Training_customer_service_staff,-,0,https://gaikoku-jinzai.tcj-education.com/posts/Training_customer_service_staff,-,0,https://gaikoku-jinzai.tcj-education.com/posts/Training_customer_service_staff
"多文化共生 マネジメント",,0,GSCにデータ無し,-,0,,-,0,,-,0,
"外国人 部下 マネジメント",,10,GSCにデータ無し,-,0,,-,0,,-,0,
"外国人 キャリアパス",,0,GSCにデータ無し,-,0,https://gaikoku-jinzai.tcj-education.com/posts/OJT_method,-,0,https://gaikoku-jinzai.tcj-education.com/posts/OJT_method,-,0,https://gaikoku-jinzai.tcj-education.com/posts/OJT_method
"外国人 キャリア支援",,20,GSCにデータ無し,-,0,,-,0,,-,0,
"外国人 評価",,10,GSCにデータ無し,-,0,,-,0,,-,0,
"外国人 フィードバック",,0,GSCにデータ無し,-,0,,-,0,,-,0,
"外国人 関わり方 研修",,0,GSCにデータ無し,-,0,,-,0,,-,0,
"日本人社員 意識改革",,0,GSCにデータ無し,-,0,https://gaikoku-jinzai.tcj-education.com/posts/Construction_Industry1,-,0,https://gaikoku-jinzai.tcj-education.com/posts/Construction_Industry1,-,0,https://gaikoku-jinzai.tcj-education.com/posts/Construction_Industry1
"外国人 宗教 配慮",,0,GSCにデータ無し,-,0,,-,0,,-,0,
"イスラム教 礼拝 職場",,0,GSCにデータ無し,-,0,,-,0,,-,0,
"察する文化 海外",,40,GSCにデータ無し,-,0,https://gaikoku-jinzai.tcj-education.com/posts/clear_japanese,-,0,https://gaikoku-jinzai.tcj-education.com/posts/clear_japanese,-,0,https://gaikoku-jinzai.tcj-education.com/posts/clear_japanese
"ハイコンテクスト ローコンテクスト",,720,GSCにデータ無し,-,0,,-,0,,-,0,
"日本 ビジネスマナー 外国人",,10,0,-,0,https://gaikoku-jinzai.tcj-education.com/posts/business_manners,-,0,https://gaikoku-jinzai.tcj-education.com/posts/business_manners,-,0,https://gaikoku-jinzai.tcj-education.com/posts/business_manners
"日本の常識 外国人",,0,GSCにデータ無し,-,0,,-,0,,-,0,
"外国人 コミュニケーション フレーズ",,0,0,-,0,https://gaikoku-jinzai.tcj-education.com/posts/communication2,-,0,https://gaikoku-jinzai.tcj-education.com/posts/communication2,-,0,https://gaikoku-jinzai.tcj-education.com/posts/communication2
"やさしい日本語 言い換え",,480,GSCにデータ無し,-,0,,-,0,,-,0,
"やさしい日本語 例文",,50,GSCにデータ無し,-,0,,-,0,,-,0,
"やさしい日本語 使い方",,0,GSCにデータ無し,-,0,,-,0,,-,0,
"日本語能力試験 とは",,40,GSCにデータ無し,-,0,https://gaikoku-jinzai.tcj-education.com/posts/jlpt,-,0,https://gaikoku-jinzai.tcj-education.com/posts/jlpt,-,0,https://gaikoku-jinzai.tcj-education.com/posts/jlpt
"JLPT N1 レベル",,50,GSCにデータ無し,-,0,,-,0,,-,0,
"日本語学習 企業 サポート",,0,GSCにデータ無し,-,0,,-,0,,-,0,
"外国人 日本語教育 eラーニング",,0,GSCにデータ無し,-,0,,-,0,,-,0,
"日本語レベル 関係",,0,0,18,0,https://gaikoku-jinzai.tcj-education.com/posts/japanese_lang_skills,36,-18,https://gaikoku-jinzai.tcj-education.com/posts/japanese_lang_skills,-,0,https://gaikoku-jinzai.tcj-education.com/posts/japanese_lang_skills
"技能実習制度 廃止",,590,GSCにデータ無し,-,0,,-,0,,-,0,
"技能実習制度 今後",,30,GSCにデータ無し,-,0,,-,0,,-,0,
"円安 外国人労働者 影響",,20,GSCにデータ無し,-,0,,-,0,,-,0,
"円安 人材流出",,10,GSCにデータ無し,-,0,,-,0,,-,0,
"2025年 外国人採用 予測",,0,GSCにデータ無し,-,0,,-,0,,-,0,
"人手不足 予測",,20,GSCにデータ無し,-,0,,-,0,,-,0,
"外国人雇用 法改正",,10,GSCにデータ無し,-,0,,-,0,,-,0,
"出入国管理法 改正",,210,GSCにデータ無し,-,0,,-,0,,-,0,
"ミャンマー人 国民性",,50,GSCにデータ無し,-,0,,-,0,,-,0,
"ベトナム人 仕事観",,0,GSCにデータ無し,-,0,,-,0,,-,0,
"ベトナム人 就職 意識",,0,GSCにデータ無し,-,0,,-,0,,-,0,
育成就労制度,,8100,GSCにデータ無し,-,0,,-,0,,-,0,
"技能実習 廃止",,140,GSCにデータ無し,-,0,,-,0,,-,0,
"技能実習生 人権問題",,10,GSCにデータ無し,-,0,,-,0,,-,0,
"介護 外国人 採用",,50,GSCにデータ無し,-,0,,-,0,,-,0,
"介護 特定技能",,480,GSCにデータ無し,-,0,,-,0,,-,0,
"外国人材 紹介会社 おすすめ",,0,GSCにデータ無し,-,0,,-,0,,-,0,
"外国人材 紹介会社 比較",,0,GSCにデータ無し,-,0,,-,0,,-,0,
"外国人材 紹介会社 選び方",,0,GSCにデータ無し,-,0,,-,0,,-,0,
"建設 外国人 採用",,10,GSCにデータ無し,-,0,,-,0,,-,0,
"建設 特定技能",,260,GSCにデータ無し,-,0,,-,0,,-,0,
"建設 技能実習生",,40,GSCにデータ無し,-,0,,-,0,,-,0,
