Query,Page,Device,Clicks,Impressions,CTR,Position
日本語習得 時間,https://gaikoku-jinzai.tcj-education.com/posts/time_to_learn_japanese,DESKTOP,1,16,6.3%,5.2
指示 やわらかい 表現,https://gaikoku-jinzai.tcj-education.com/posts/clear_japanese,MOBILE,0,181,0.0%,7.4
日本語レベル,https://gaikoku-jinzai.tcj-education.com/posts/time_to_learn_japanese,MOBILE,0,100,0.0%,1.0
jlptとは,https://gaikoku-jinzai.tcj-education.com/posts/JLPT,MOBILE,0,91,0.0%,1.0
外国人 日本語レベル 見極め,https://gaikoku-jinzai.tcj-education.com/posts/japanese_lang_skills,DESKTOP,0,85,0.0%,5.1
外国人採用 リスク管理,https://gaikoku-jinzai.tcj-education.com/posts/risk_managemen,DESKTOP,0,83,0.0%,2.4
外国人 オンボーディング,https://gaikoku-jinzai.tcj-education.com/posts/onboarding,DESKTOP,0,81,0.0%,6.0
日本語学習時間 目安,https://gaikoku-jinzai.tcj-education.com/posts/time_to_learn_japanese,DESKTOP,0,75,0.0%,8.7
外国人 ビジネスマナー 比較,https://gaikoku-jinzai.tcj-education.com/posts/Business_manners,DESKTOP,0,71,0.0%,9.6
フィリピン人 介護士,https://gaikoku-jinzai.tcj-education.com/posts/nursing_care_training,DESKTOP,0,60,0.0%,17.6
優秀 外国人 採用,https://gaikoku-jinzai.tcj-education.com/posts/recruitment_cost,DESKTOP,0,59,0.0%,14.8
外国人 求人票 書き方,https://gaikoku-jinzai.tcj-education.com/posts/job_posting2,DESKTOP,0,58,0.0%,17.9
日本語習得 時間,https://gaikoku-jinzai.tcj-education.com/posts/time_to_learn_japanese,MOBILE,0,54,0.0%,3.3
技能実習生 労災保険 適用 厚生労働省,https://gaikoku-jinzai.tcj-education.com/posts/work_injury_insurance,DESKTOP,0,53,0.0%,10.1
指示を出す 言い換え,https://gaikoku-jinzai.tcj-education.com/posts/clear_japanese,MOBILE,0,50,0.0%,8.5
外国人 選考 ポイント,https://gaikoku-jinzai.tcj-education.com/posts/points_to_note,DESKTOP,0,37,0.0%,17.5
jlpt ビジネスレベル,https://gaikoku-jinzai.tcj-education.com/posts/japanese_lang_skills,DESKTOP,0,35,0.0%,18.5
優秀 外国人 見極め,https://gaikoku-jinzai.tcj-education.com/posts/japanese_lang_skills,DESKTOP,0,35,0.0%,38.3
フィリピン 介護 人材,https://gaikoku-jinzai.tcj-education.com/posts/nursing_care_training,DESKTOP,0,32,0.0%,45.6
労災 適用範囲,https://gaikoku-jinzai.tcj-education.com/posts/work_injury_insurance,MOBILE,0,32,0.0%,1.0
指示 やわらかい 表現,https://gaikoku-jinzai.tcj-education.com/posts/clear_japanese,DESKTOP,0,32,0.0%,8.3
就職先 jlpt level,https://gaikoku-jinzai.tcj-education.com/posts/japanese_lang_skills,DESKTOP,0,31,0.0%,8.5
働き方 違い 海外,https://gaikoku-jinzai.tcj-education.com/posts/work_life_balance,DESKTOP,0,30,0.0%,63.1
外国人 採用 コスト,https://gaikoku-jinzai.tcj-education.com/posts/recruitment_cost,DESKTOP,0,30,0.0%,69.3
外国人 求人票 ポイント,https://gaikoku-jinzai.tcj-education.com/posts/job_posting2,DESKTOP,0,30,0.0%,31.2
海外人材タイムス,https://gaikoku-jinzai.tcj-education.com/,DESKTOP,0,29,0.0%,6.2
外国人 日本語レベル 見極め,https://gaikoku-jinzai.tcj-education.com/posts/time_to_learn_japanese,DESKTOP,0,28,0.0%,48.1
外国人採用 失敗,https://gaikoku-jinzai.tcj-education.com/posts/risk_managemen,DESKTOP,0,28,0.0%,26.9
留学生 アルバイト 採用,https://gaikoku-jinzai.tcj-education.com/posts/parttimework_for_international_students,DESKTOP,0,28,0.0%,34.7
育成就労制度 家族帯同,https://gaikoku-jinzai.tcj-education.com/posts/ikusei-shuro-seido,MOBILE,0,28,0.0%,1.0
フィリピン 介護 人材,https://gaikoku-jinzai.tcj-education.com/posts/Filipino_personnel,DESKTOP,0,26,0.0%,13.7
欧米 働き 方,https://gaikoku-jinzai.tcj-education.com/posts/work_life_balance,DESKTOP,0,26,0.0%,87.5
日本語学習 時間,https://gaikoku-jinzai.tcj-education.com/posts/time_to_learn_japanese,DESKTOP,0,24,0.0%,9.9
海外 ビジネスマナー,https://gaikoku-jinzai.tcj-education.com/posts/Business_manners,DESKTOP,0,24,0.0%,68.2
外国人 採用 注意点,https://gaikoku-jinzai.tcj-education.com/posts/points_to_note,DESKTOP,0,23,0.0%,63.0
労災,https://gaikoku-jinzai.tcj-education.com/posts/work_injury_insurance,MOBILE,0,22,0.0%,1.0
外国人 アルバイト 採用 注意点,https://gaikoku-jinzai.tcj-education.com/posts/parttimework_for_international_students,DESKTOP,0,22,0.0%,47.8
日本語 習得 時間,https://gaikoku-jinzai.tcj-education.com/posts/time_to_learn_japanese,MOBILE,0,22,0.0%,4.0
jlpt とは,https://gaikoku-jinzai.tcj-education.com/posts/JLPT,MOBILE,0,21,0.0%,1.0
外国人 志望動機 見抜く,https://gaikoku-jinzai.tcj-education.com/posts/japanese_lang_skills,DESKTOP,0,20,0.0%,14.4
欧米 働き 方,https://gaikoku-jinzai.tcj-education.com/posts/work_life_balance,MOBILE,0,20,0.0%,88.7
外国人 採用 人柄重視,https://gaikoku-jinzai.tcj-education.com/posts/points_to_note,DESKTOP,0,19,0.0%,64.5
指示を出す 言い換え,https://gaikoku-jinzai.tcj-education.com/posts/clear_japanese,DESKTOP,0,19,0.0%,7.9
外国人 アルバイト採用,https://gaikoku-jinzai.tcj-education.com/posts/parttimework_for_international_students,DESKTOP,0,18,0.0%,38.4
日本 語 習得 時間,https://gaikoku-jinzai.tcj-education.com/posts/time_to_learn_japanese,MOBILE,0,18,0.0%,7.8
日本語レベル 関係,https://gaikoku-jinzai.tcj-education.com/posts/japanese_lang_skills,DESKTOP,0,18,0.0%,59.4
ネパール人材 特徴,https://gaikoku-jinzai.tcj-education.com/posts/nepali_personnel,DESKTOP,0,17,0.0%,25.5
外国人 アルバイト採用,https://gaikoku-jinzai.tcj-education.com/posts/parttimework_for_international_students,MOBILE,0,17,0.0%,45.4
外国人 採用 方法 注意点,https://gaikoku-jinzai.tcj-education.com/posts/points_to_note,DESKTOP,0,16,0.0%,50.2
日本 語 習得 時間,https://gaikoku-jinzai.tcj-education.com/posts/time_to_learn_japanese,DESKTOP,0,16,0.0%,8.3
フィリピン人材 特徴,https://gaikoku-jinzai.tcj-education.com/posts/Filipino_personnel,DESKTOP,0,15,0.0%,43.0
外国人 採用 課題,https://gaikoku-jinzai.tcj-education.com/posts/status_and_issues_hiring_foreigner,DESKTOP,0,14,0.0%,93.1
日本語 レベル,https://gaikoku-jinzai.tcj-education.com/posts/time_to_learn_japanese,MOBILE,0,14,0.0%,1.1
育成就労制度 家族帯同,https://gaikoku-jinzai.tcj-education.com/posts/ikusei-shuro-seido,DESKTOP,0,14,0.0%,3.3
jlpt レベル,https://gaikoku-jinzai.tcj-education.com/posts/japanese_lang_skills,MOBILE,0,13,0.0%,1.0
外国人技能実習生 労災保険 適用 厚生労働省,https://gaikoku-jinzai.tcj-education.com/posts/work_injury_insurance,DESKTOP,0,13,0.0%,11.6
日本語 レベル 表,https://gaikoku-jinzai.tcj-education.com/posts/time_to_learn_japanese,MOBILE,0,13,0.0%,4.0
日本語能力試験 日本人,https://gaikoku-jinzai.tcj-education.com/posts/japanese_lang_skills,MOBILE,0,13,0.0%,1.0
海外 ビジネス 違い,https://gaikoku-jinzai.tcj-education.com/posts/Business_manners,MOBILE,0,13,0.0%,57.9
介護 採用 難しい 外国人,https://gaikoku-jinzai.tcj-education.com/posts/nursing_care1,DESKTOP,0,12,0.0%,78.8
海外人材タイムス,https://gaikoku-jinzai.tcj-education.com/,MOBILE,0,12,0.0%,7.5
外国人労働者 労働災害,https://gaikoku-jinzai.tcj-education.com/posts/work_injury_insurance,MOBILE,0,11,0.0%,21.9
外国人 採用 方法 注意点,https://gaikoku-jinzai.tcj-education.com/posts/precautions_steps-to-Adoption,DESKTOP,0,10,0.0%,56.3
文化的実践 言い換え,https://gaikoku-jinzai.tcj-education.com/posts/clear_japanese,MOBILE,0,10,0.0%,12.1
海外人材タイムズ,https://gaikoku-jinzai.tcj-education.com/,DESKTOP,0,10,0.0%,6.4
ワークライフバランス 国別,https://gaikoku-jinzai.tcj-education.com/posts/work_life_balance,DESKTOP,0,9,0.0%,78.2
労災保険適用,https://gaikoku-jinzai.tcj-education.com/posts/work_injury_insurance,MOBILE,0,9,0.0%,1.0
指示を出す 言い換え ビジネス,https://gaikoku-jinzai.tcj-education.com/posts/clear_japanese,MOBILE,0,9,0.0%,8.1
海外 ビジネス 違い,https://gaikoku-jinzai.tcj-education.com/posts/Business_manners,DESKTOP,0,9,0.0%,60.2
海外人材タイムズ,https://gaikoku-jinzai.tcj-education.com/,MOBILE,0,9,0.0%,6.1
特定技能2号 日本語能力,https://gaikoku-jinzai.tcj-education.com/posts/japanese_lang_skills,MOBILE,0,9,0.0%,1.0
jlpt ビジネスレベル,https://gaikoku-jinzai.tcj-education.com/posts/bjt2,DESKTOP,0,8,0.0%,41.1
外国人 コミュニケーション フレーズ,https://gaikoku-jinzai.tcj-education.com/posts/communication2,DESKTOP,0,8,0.0%,55.8
技能実習生,https://gaikoku-jinzai.tcj-education.com/posts/confirmation_of_residence_status,MOBILE,0,8,0.0%,1.0
指示 やわらかい表現,https://gaikoku-jinzai.tcj-education.com/posts/clear_japanese,DESKTOP,0,8,0.0%,9.6
日本語 習得 時間,https://gaikoku-jinzai.tcj-education.com/posts/time_to_learn_japanese,DESKTOP,0,8,0.0%,3.5
n3 勉強時間,https://gaikoku-jinzai.tcj-education.com/posts/time_to_learn_japanese,MOBILE,0,7,0.0%,4.4
フィリピン 介護士,https://gaikoku-jinzai.tcj-education.com/posts/nursing_care_training,MOBILE,0,7,0.0%,1.0
労災保険 適用,https://gaikoku-jinzai.tcj-education.com/posts/work_injury_insurance,MOBILE,0,7,0.0%,1.0
在留資格 確認,https://gaikoku-jinzai.tcj-education.com/posts/confirmation_of_residence_status,DESKTOP,0,7,0.0%,11.3
外国人 オンボーディング,https://gaikoku-jinzai.tcj-education.com/download/material/recruitment02,DESKTOP,0,7,0.0%,52.3
外国人 日本語レベル 見極め,https://gaikoku-jinzai.tcj-education.com/posts/bjt2,DESKTOP,0,7,0.0%,74.4
外国人労働者 労災,https://gaikoku-jinzai.tcj-education.com/posts/work_injury_insurance,MOBILE,0,7,0.0%,5.3
外国人雇用 アルバイト,https://gaikoku-jinzai.tcj-education.com/posts/parttimework_for_international_students,DESKTOP,0,7,0.0%,72.9
日本語 レベル 表,https://gaikoku-jinzai.tcj-education.com/posts/time_to_learn_japanese,DESKTOP,0,7,0.0%,3.1
日本語習得にかかる時間,https://gaikoku-jinzai.tcj-education.com/posts/time_to_learn_japanese,DESKTOP,0,7,0.0%,5.1
育成就労 技能実習 違い,https://gaikoku-jinzai.tcj-education.com/posts/ikusei-shuro-seido,DESKTOP,0,7,0.0%,89.7
育成就労制度 とは,https://gaikoku-jinzai.tcj-education.com/posts/ikusei-shuro-seido,DESKTOP,0,7,0.0%,78.1
n4レベルとは,https://gaikoku-jinzai.tcj-education.com/posts/time_to_learn_japanese,MOBILE,0,6,0.0%,1.0
tcj,https://gaikoku-jinzai.tcj-education.com/,DESKTOP,0,6,0.0%,36.8
レベル 日本語,https://gaikoku-jinzai.tcj-education.com/posts/time_to_learn_japanese,MOBILE,0,6,0.0%,1.0
在留資格確認,https://gaikoku-jinzai.tcj-education.com/posts/confirmation_of_residence_status,DESKTOP,0,6,0.0%,10.2
外国 人 労働 者 労災,https://gaikoku-jinzai.tcj-education.com/posts/work_injury_insurance,MOBILE,0,6,0.0%,5.7
外国人労働者 受け入れ 現状,https://gaikoku-jinzai.tcj-education.com/posts/status_and_issues_hiring_foreigner,DESKTOP,0,6,0.0%,67.0
外国人技能実習生 労災保険 適用,https://gaikoku-jinzai.tcj-education.com/posts/work_injury_insurance,DESKTOP,0,6,0.0%,11.8
就職先 jlpt level,https://gaikoku-jinzai.tcj-education.com/posts/japanese_lang_skills,MOBILE,0,6,0.0%,7.7
海外人材派遣 日本語話せる レベル,https://gaikoku-jinzai.tcj-education.com/posts/japanese_lang_skills,DESKTOP,0,6,0.0%,65.2
nihongo nouryoku shiken,https://gaikoku-jinzai.tcj-education.com/posts/japanese_lang_skills,MOBILE,0,5,0.0%,1.0
レベルとは,https://gaikoku-jinzai.tcj-education.com/posts/time_to_learn_japanese,MOBILE,0,5,0.0%,2.0
会社から労災申請,https://gaikoku-jinzai.tcj-education.com/posts/work_injury_insurance,MOBILE,0,5,0.0%,1.0
労災 保険適用,https://gaikoku-jinzai.tcj-education.com/posts/work_injury_insurance,MOBILE,0,5,0.0%,1.0
労災保険 適用範囲,https://gaikoku-jinzai.tcj-education.com/posts/work_injury_insurance,MOBILE,0,5,0.0%,1.0
就職先 jlpt level,https://gaikoku-jinzai.tcj-education.com/posts/japanese_lang_skills,TABLET,0,5,0.0%,8.0
技能実習生 労災保険 適用 厚生労働省,https://gaikoku-jinzai.tcj-education.com/posts/work_injury_insurance,MOBILE,0,5,0.0%,9.8
指示 やわらかい表現,https://gaikoku-jinzai.tcj-education.com/posts/clear_japanese,MOBILE,0,5,0.0%,4.2
指示する,https://gaikoku-jinzai.tcj-education.com/posts/clear_japanese,MOBILE,0,5,0.0%,1.0
日本で働いている中国人,https://gaikoku-jinzai.tcj-education.com/posts/Chinese_personnel,MOBILE,0,5,0.0%,1.0
日本語 習得時間,https://gaikoku-jinzai.tcj-education.com/posts/time_to_learn_japanese,MOBILE,0,5,0.0%,1.0
日本語検定 ランク,https://gaikoku-jinzai.tcj-education.com/posts/japanese_lang_skills,MOBILE,0,5,0.0%,1.0
日本語習得にかかる時間,https://gaikoku-jinzai.tcj-education.com/posts/time_to_learn_japanese,MOBILE,0,5,0.0%,1.0
日本語能力試驗,https://gaikoku-jinzai.tcj-education.com/posts/jlpt,MOBILE,0,5,0.0%,1.8
海外ビジネス 文化,https://gaikoku-jinzai.tcj-education.com/posts/Business_manners,DESKTOP,0,5,0.0%,88.4
留学生に日本語を教える,https://gaikoku-jinzai.tcj-education.com/posts/time_to_learn_japanese,MOBILE,0,5,0.0%,1.0
研修ビザ 要件,https://gaikoku-jinzai.tcj-education.com/tags/visa,DESKTOP,0,5,0.0%,56.4
育成就労制度 技能実習 違い,https://gaikoku-jinzai.tcj-education.com/posts/ikusei-shuro-seido,DESKTOP,0,5,0.0%,79.6
jlpt n3 時間,https://gaikoku-jinzai.tcj-education.com/posts/time_to_learn_japanese,DESKTOP,0,4,0.0%,3.0
jlpt 学習 時間 目安,https://gaikoku-jinzai.tcj-education.com/posts/time_to_learn_japanese,MOBILE,0,4,0.0%,12.5
n3 勉強時間,https://gaikoku-jinzai.tcj-education.com/posts/time_to_learn_japanese,DESKTOP,0,4,0.0%,10.3
グローバル企業 働き方 ワークライフバランス 残業 リモートワーク 休暇 実態,https://gaikoku-jinzai.tcj-education.com/posts/work_life_balance,DESKTOP,0,4,0.0%,7.3
フィリピン 介護 人材,https://gaikoku-jinzai.tcj-education.com/posts/filipino_personnel,DESKTOP,0,4,0.0%,8.8
フィリピン 介護福祉士,https://gaikoku-jinzai.tcj-education.com/posts/nursing_care_training,DESKTOP,0,4,0.0%,12.5
中国人労働者 多い 理由,https://gaikoku-jinzai.tcj-education.com/posts/Chinese_personnel,MOBILE,0,4,0.0%,8.3
中国人労働者 多い 理由,https://gaikoku-jinzai.tcj-education.com/posts/chinese_personnel,MOBILE,0,4,0.0%,6.0
労災 外国人,https://gaikoku-jinzai.tcj-education.com/posts/work_injury_insurance,DESKTOP,0,4,0.0%,1.0
外国人留学生アルバイト,https://gaikoku-jinzai.tcj-education.com/posts/parttimework_for_international_students,DESKTOP,0,4,0.0%,63.0
外国人雇用 注意点,https://gaikoku-jinzai.tcj-education.com/posts/precautions_steps-to-Adoption,DESKTOP,0,4,0.0%,69.8
就職先 jlpt,https://gaikoku-jinzai.tcj-education.com/posts/japanese_lang_skills,DESKTOP,0,4,0.0%,10.5
日本で活躍するベトナム人,https://gaikoku-jinzai.tcj-education.com/posts/vietnamese_personnel,MOBILE,0,4,0.0%,1.0
日本に多い外国人,https://gaikoku-jinzai.tcj-education.com/posts/status_and_issues_hiring_foreigner,MOBILE,0,4,0.0%,1.0
日本語学校 留学生 アルバイト,https://gaikoku-jinzai.tcj-education.com/posts/parttimework_for_international_students,MOBILE,0,4,0.0%,4.5
日本語能力試験 とは,https://gaikoku-jinzai.tcj-education.com/posts/jlpt,DESKTOP,0,4,0.0%,62.3
海外ビジネス 文化,https://gaikoku-jinzai.tcj-education.com/posts/Business_manners,MOBILE,0,4,0.0%,88.0
留学 生 アルバイト,https://gaikoku-jinzai.tcj-education.com/posts/parttimework_for_international_students,DESKTOP,0,4,0.0%,94.3
語 何年で習う,https://gaikoku-jinzai.tcj-education.com/posts/time_to_learn_japanese,MOBILE,0,4,0.0%,1.0
高度専門職,https://gaikoku-jinzai.tcj-education.com/posts/highly_skilled_professional,MOBILE,0,4,0.0%,1.0
jlpt n3 時間,https://gaikoku-jinzai.tcj-education.com/posts/time_to_learn_japanese,MOBILE,0,3,0.0%,2.0
jlpt とは,https://gaikoku-jinzai.tcj-education.com/posts/JLPT,DESKTOP,0,3,0.0%,1.0
jlpt 学習 時間 目安,https://gaikoku-jinzai.tcj-education.com/posts/time_to_learn_japanese,DESKTOP,0,3,0.0%,23.7
jlpt 意味,https://gaikoku-jinzai.tcj-education.com/posts/JLPT,MOBILE,0,3,0.0%,1.0
jlptレベル,https://gaikoku-jinzai.tcj-education.com/posts/japanese_lang_skills,MOBILE,0,3,0.0%,1.0
n2 勉強時間,https://gaikoku-jinzai.tcj-education.com/posts/time_to_learn_japanese,MOBILE,0,3,0.0%,4.7
クールジャパン 高度専門職,https://gaikoku-jinzai.tcj-education.com/posts/highly_skilled_professional,DESKTOP,0,3,0.0%,50.3
フィリピン人 介護士,https://gaikoku-jinzai.tcj-education.com/posts/Filipino_personnel,DESKTOP,0,3,0.0%,78.0
ワークライフバランス 世界,https://gaikoku-jinzai.tcj-education.com/posts/work_life_balance,MOBILE,0,3,0.0%,10.3
中国人 採用,https://gaikoku-jinzai.tcj-education.com/posts/chinese_personnel,DESKTOP,0,3,0.0%,70.0
中国人 日本 就職 なぜ,https://gaikoku-jinzai.tcj-education.com/posts/chinese_personnel,MOBILE,0,3,0.0%,11.0
中国人 留学生 採用,https://gaikoku-jinzai.tcj-education.com/posts/chinese_personnel,DESKTOP,0,3,0.0%,74.3
中国人 留学生 採用,https://gaikoku-jinzai.tcj-education.com/posts/chinese_personnel,MOBILE,0,3,0.0%,82.3
労災 外国人,https://gaikoku-jinzai.tcj-education.com/posts/work_injury_insurance,MOBILE,0,3,0.0%,1.0
労災適用範囲,https://gaikoku-jinzai.tcj-education.com/posts/work_injury_insurance,MOBILE,0,3,0.0%,1.0
外国人 アルバイト 採用,https://gaikoku-jinzai.tcj-education.com/posts/parttimework_for_international_students,DESKTOP,0,3,0.0%,22.7
外国人労働者 コミュニケーション 問題,https://gaikoku-jinzai.tcj-education.com/posts/solving_communication_issues,DESKTOP,0,3,0.0%,32.3
外国人技能実習生 労災保険 適用 厚生労働省,https://gaikoku-jinzai.tcj-education.com/posts/work_injury_insurance,MOBILE,0,3,0.0%,10.7
外国人留学生 アルバイト,https://gaikoku-jinzai.tcj-education.com/posts/parttimework_for_international_students,DESKTOP,0,3,0.0%,63.7
外国人留学生 バイト,https://gaikoku-jinzai.tcj-education.com/posts/parttimework_for_international_students,DESKTOP,0,3,0.0%,56.7
外国人社員 日本語研修,https://gaikoku-jinzai.tcj-education.com/posts/time_to_learn_japanese,MOBILE,0,3,0.0%,1.0
外国人雇用 アルバイト,https://gaikoku-jinzai.tcj-education.com/posts/parttimework_for_international_students,MOBILE,0,3,0.0%,62.7
指示を出す 言い換え ビジネス,https://gaikoku-jinzai.tcj-education.com/posts/clear_japanese,DESKTOP,0,3,0.0%,6.3
日本語 習得時間,https://gaikoku-jinzai.tcj-education.com/posts/time_to_learn_japanese,DESKTOP,0,3,0.0%,5.0
日本語習得時間,https://gaikoku-jinzai.tcj-education.com/posts/time_to_learn_japanese,MOBILE,0,3,0.0%,7.3
日本語能力試験 外国人採用,https://gaikoku-jinzai.tcj-education.com/posts/japanese_lang_skills,DESKTOP,0,3,0.0%,38.7
求人票 英語,https://gaikoku-jinzai.tcj-education.com/posts/job_posting2,DESKTOP,0,3,0.0%,73.0
求人票 英語 テンプレート,https://gaikoku-jinzai.tcj-education.com/posts/job_posting2,DESKTOP,0,3,0.0%,17.0
留学生 雇用,https://gaikoku-jinzai.tcj-education.com/posts/parttimework_for_international_students,MOBILE,0,3,0.0%,47.0
育成就労制度 いつから,https://gaikoku-jinzai.tcj-education.com/posts/ikusei-shuro-seido,DESKTOP,0,3,0.0%,75.7
言葉の行間を読む,https://gaikoku-jinzai.tcj-education.com/posts/clear_japanese,MOBILE,0,3,0.0%,1.0
international ojt,https://gaikoku-jinzai.tcj-education.com/posts/ojt_method,DESKTOP,0,2,0.0%,24.5
jlpt 学習時間 目安,https://gaikoku-jinzai.tcj-education.com/posts/time_to_learn_japanese,MOBILE,0,2,0.0%,1.0
level,https://gaikoku-jinzai.tcj-education.com/posts/time_to_learn_japanese,MOBILE,0,2,0.0%,4.0
site:tcj-education.com,https://gaikoku-jinzai.tcj-education.com/,DESKTOP,0,2,0.0%,7.0
クールジャパン 高度専門職,https://gaikoku-jinzai.tcj-education.com/posts/highly_skilled_professional,MOBILE,0,2,0.0%,52.5
フィリピン 介護士,https://gaikoku-jinzai.tcj-education.com/posts/nursing_care_training,DESKTOP,0,2,0.0%,14.5
フィリピン 特定技能 介護,https://gaikoku-jinzai.tcj-education.com/posts/nursing_care_training,DESKTOP,0,2,0.0%,15.5
レベル,https://gaikoku-jinzai.tcj-education.com/posts/time_to_learn_japanese,MOBILE,0,2,0.0%,3.0
世界の働き方,https://gaikoku-jinzai.tcj-education.com/posts/work_life_balance,DESKTOP,0,2,0.0%,4.5
世界の働き方,https://gaikoku-jinzai.tcj-education.com/posts/work_life_balance,MOBILE,0,2,0.0%,3.0
中国 人件費,https://gaikoku-jinzai.tcj-education.com/posts/Chinese_personnel,MOBILE,0,2,0.0%,1.0
中国 外国人労働者,https://gaikoku-jinzai.tcj-education.com/posts/Chinese_personnel,DESKTOP,0,2,0.0%,1.0
中国 外国人労働者,https://gaikoku-jinzai.tcj-education.com/posts/Chinese_personnel,MOBILE,0,2,0.0%,1.0
中国の時給,https://gaikoku-jinzai.tcj-education.com/posts/chinese_personnel,MOBILE,0,2,0.0%,1.0
中国人 採用,https://gaikoku-jinzai.tcj-education.com/posts/chinese_personnel,MOBILE,0,2,0.0%,69.0
中国人 日本 就職 なぜ,https://gaikoku-jinzai.tcj-education.com/posts/Chinese_personnel,MOBILE,0,2,0.0%,10.5
中国人 給料,https://gaikoku-jinzai.tcj-education.com/posts/Chinese_personnel,MOBILE,0,2,0.0%,1.0
中国人労働者 多い 理由,https://gaikoku-jinzai.tcj-education.com/posts/chinese_personnel,DESKTOP,0,2,0.0%,8.5
働き方改革 海外,https://gaikoku-jinzai.tcj-education.com/posts/work_life_balance,DESKTOP,0,2,0.0%,42.0
労災 被保険者,https://gaikoku-jinzai.tcj-education.com/posts/work_injury_insurance,MOBILE,0,2,0.0%,1.0
労災の適用範囲,https://gaikoku-jinzai.tcj-education.com/posts/work_injury_insurance,MOBILE,0,2,0.0%,1.0
労災認定,https://gaikoku-jinzai.tcj-education.com/posts/work_injury_insurance,MOBILE,0,2,0.0%,1.0
外国 人 労働 者 労災,https://gaikoku-jinzai.tcj-education.com/posts/work_injury_insurance,DESKTOP,0,2,0.0%,33.0
外国 人 採用 日本 語 能力,https://gaikoku-jinzai.tcj-education.com/posts/japanese_lang_skills,DESKTOP,0,2,0.0%,27.0
外国 人 求人 票,https://gaikoku-jinzai.tcj-education.com/posts/job_posting2,DESKTOP,0,2,0.0%,33.0
外国人 アルバイト 採用,https://gaikoku-jinzai.tcj-education.com/posts/parttimework_for_international_students,MOBILE,0,2,0.0%,37.0
外国人 介護 育成 ノウハウ,https://gaikoku-jinzai.tcj-education.com/tags/development_training,DESKTOP,0,2,0.0%,73.5
外国人 労災,https://gaikoku-jinzai.tcj-education.com/posts/work_injury_insurance,MOBILE,0,2,0.0%,1.0
外国人 採用 やること,https://gaikoku-jinzai.tcj-education.com/posts/precautions_steps-to-Adoption,DESKTOP,0,2,0.0%,89.5
外国人 採用 注意点,https://gaikoku-jinzai.tcj-education.com/posts/points_to_note,MOBILE,0,2,0.0%,64.5
外国人 雇用 注意点,https://gaikoku-jinzai.tcj-education.com/posts/precautions_steps-to-Adoption,DESKTOP,0,2,0.0%,68.5
外国人の面接でよく聞かれる質問 top10,https://gaikoku-jinzai.tcj-education.com/posts/nursing_care1,MOBILE,0,2,0.0%,1.0
外国人労働者 コミュニケーション問題,https://gaikoku-jinzai.tcj-education.com/posts/solving_communication_issues,DESKTOP,0,2,0.0%,30.5
外国人労働者 労災事故,https://gaikoku-jinzai.tcj-education.com/posts/work_injury_insurance,MOBILE,0,2,0.0%,2.0
外国人労働者 日本語レベル,https://gaikoku-jinzai.tcj-education.com/posts/japanese_lang_skills,MOBILE,0,2,0.0%,12.0
外国人採用 リスク,https://gaikoku-jinzai.tcj-education.com/posts/risk_managemen,DESKTOP,0,2,0.0%,20.5
外国人採用注意点,https://gaikoku-jinzai.tcj-education.com/posts/points_to_note,DESKTOP,0,2,0.0%,58.0
外国人雇用 課題,https://gaikoku-jinzai.tcj-education.com/posts/status_and_issues_hiring_foreigner,DESKTOP,0,2,0.0%,72.5
技人国,https://gaikoku-jinzai.tcj-education.com/tags/ehiservices_visa,DESKTOP,0,2,0.0%,95.5
技能実習 育成就労,https://gaikoku-jinzai.tcj-education.com/posts/ikusei-shuro-seido,DESKTOP,0,2,0.0%,67.5
技能実習制度 育成就労制度 違い,https://gaikoku-jinzai.tcj-education.com/posts/ikusei-shuro-seido,DESKTOP,0,2,0.0%,41.0
技能実習生 労災保険 適用 厚生労働省,https://gaikoku-jinzai.tcj-education.com/posts/work_injury_insurance,TABLET,0,2,0.0%,9.5
指示の柔らかい言い方,https://gaikoku-jinzai.tcj-education.com/posts/clear_japanese,MOBILE,0,2,0.0%,1.0
指示を出す 言い換え,https://gaikoku-jinzai.tcj-education.com/posts/clear_japanese,TABLET,0,2,0.0%,10.5
文化 言い換え,https://gaikoku-jinzai.tcj-education.com/posts/clear_japanese,MOBILE,0,2,0.0%,12.5
日本 ビジネスマナー 外国人,https://gaikoku-jinzai.tcj-education.com/posts/business_manners,DESKTOP,0,2,0.0%,49.5
日本企業 外国人 雇用,https://gaikoku-jinzai.tcj-education.com/posts/status_and_issues_hiring_foreigner,MOBILE,0,2,0.0%,88.0
日本語レベル,https://gaikoku-jinzai.tcj-education.com/posts/time_to_learn_japanese,TABLET,0,2,0.0%,1.0
日本語レベル n5,https://gaikoku-jinzai.tcj-education.com/posts/time_to_learn_japanese,MOBILE,0,2,0.0%,1.0
日本語習得レベル,https://gaikoku-jinzai.tcj-education.com/posts/time_to_learn_japanese,MOBILE,0,2,0.0%,3.5
日本語習得時間,https://gaikoku-jinzai.tcj-education.com/posts/time_to_learn_japanese,DESKTOP,0,2,0.0%,9.5
日本語能力試験 外国人採用,https://gaikoku-jinzai.tcj-education.com/posts/japanese_lang_skills,MOBILE,0,2,0.0%,40.0
日本語覚えるのにかかる時間,https://gaikoku-jinzai.tcj-education.com/posts/time_to_learn_japanese,MOBILE,0,2,0.0%,1.0
育成就労,https://gaikoku-jinzai.tcj-education.com/posts/ikusei-shuro-seido,DESKTOP,0,2,0.0%,38.5
育成就労 家族帯同,https://gaikoku-jinzai.tcj-education.com/posts/ikusei-shuro-seido,MOBILE,0,2,0.0%,1.5
育成就労制度とは,https://gaikoku-jinzai.tcj-education.com/posts/ikusei-shuro-seido,DESKTOP,0,2,0.0%,46.0
ｔｏｐｊ 採用,https://gaikoku-jinzai.tcj-education.com/posts/japanese_lang_skills,MOBILE,0,2,0.0%,46.0
#tcj,https://gaikoku-jinzai.tcj-education.com/,DESKTOP,0,1,0.0%,11.0
#tcj,https://gaikoku-jinzai.tcj-education.com/,MOBILE,0,1,0.0%,16.0
jlct jlpt 違い,https://gaikoku-jinzai.tcj-education.com/posts/japanese_lang_skills,MOBILE,0,1,0.0%,1.0
jlpt,https://gaikoku-jinzai.tcj-education.com/posts/japanese_lang_skills,MOBILE,0,1,0.0%,1.0
jlpt n1 2025 12,https://gaikoku-jinzai.tcj-education.com/posts/japanese_lang_skills,MOBILE,0,1,0.0%,1.0
jlpt とは,https://gaikoku-jinzai.tcj-education.com/posts/jlpt,DESKTOP,0,1,0.0%,81.0
jlpt ビジネスレベル,https://gaikoku-jinzai.tcj-education.com/posts/jlpt,DESKTOP,0,1,0.0%,73.0
jlpt 合格点,https://gaikoku-jinzai.tcj-education.com/posts/japanese_lang_skills,MOBILE,0,1,0.0%,1.0
jlptとは 簡単に,https://gaikoku-jinzai.tcj-education.com/posts/jlpt,MOBILE,0,1,0.0%,1.0
jlptとは？,https://gaikoku-jinzai.tcj-education.com/posts/JLPT,MOBILE,0,1,0.0%,1.0
jlptレベル,https://gaikoku-jinzai.tcj-education.com/posts/japanese_lang_skills,TABLET,0,1,0.0%,1.0
jltpとは,https://gaikoku-jinzai.tcj-education.com/posts/JLPT,MOBILE,0,1,0.0%,1.0
kotoba n3,https://gaikoku-jinzai.tcj-education.com/posts/time_to_learn_japanese,DESKTOP,0,1,0.0%,4.0
level 意味,https://gaikoku-jinzai.tcj-education.com/posts/time_to_learn_japanese,DESKTOP,0,1,0.0%,2.0
n2 勉強時間,https://gaikoku-jinzai.tcj-education.com/posts/time_to_learn_japanese,DESKTOP,0,1,0.0%,11.0
n4レベルとは,https://gaikoku-jinzai.tcj-education.com/posts/time_to_learn_japanese,TABLET,0,1,0.0%,1.0
ojt abroad,https://gaikoku-jinzai.tcj-education.com/posts/ojt_method,DESKTOP,0,1,0.0%,14.0
ojt 日本語,https://gaikoku-jinzai.tcj-education.com/posts/ojt_method,DESKTOP,0,1,0.0%,8.0
ojt 日本語,https://gaikoku-jinzai.tcj-education.com/posts/ojt_method,MOBILE,0,1,0.0%,29.0
on the job training 日本語,https://gaikoku-jinzai.tcj-education.com/posts/ojt_method,DESKTOP,0,1,0.0%,28.0
tcj,https://gaikoku-jinzai.tcj-education.com/,MOBILE,0,1,0.0%,12.0
なぜベトナム人は日本に来るのか,https://gaikoku-jinzai.tcj-education.com/posts/vietnamese_personnel,MOBILE,0,1,0.0%,1.0
やってください 言い換え,https://gaikoku-jinzai.tcj-education.com/posts/clear_japanese,MOBILE,0,1,0.0%,1.0
アメリカ ワークライフバランス,https://gaikoku-jinzai.tcj-education.com/posts/work_life_balance,MOBILE,0,1,0.0%,1.0
コミュニケーション 日本 語 言い換え,https://gaikoku-jinzai.tcj-education.com/posts/clear_japanese,MOBILE,0,1,0.0%,11.0
ビジネスパーソン 日本語,https://gaikoku-jinzai.tcj-education.com/posts/learning_japanese,MOBILE,0,1,0.0%,7.0
ビジネス日本語能力テスト 日本人,https://gaikoku-jinzai.tcj-education.com/posts/bjt,MOBILE,0,1,0.0%,13.0
フィリピン 介護,https://gaikoku-jinzai.tcj-education.com/posts/nursing_care_training,DESKTOP,0,1,0.0%,25.0
フィリピン 介護士,https://gaikoku-jinzai.tcj-education.com/posts/Filipino_personnel,DESKTOP,0,1,0.0%,95.0
フィリピン 介護士,https://gaikoku-jinzai.tcj-education.com/posts/Filipino_personnel,MOBILE,0,1,0.0%,1.0
フィリピン 介護福祉士,https://gaikoku-jinzai.tcj-education.com/posts/filipino_personnel,MOBILE,0,1,0.0%,1.0
フィリピン 介護福祉士,https://gaikoku-jinzai.tcj-education.com/posts/nursing_care_training,MOBILE,0,1,0.0%,1.0
フィリピン 特定技能 介護,https://gaikoku-jinzai.tcj-education.com/posts/nursing_care_training,MOBILE,0,1,0.0%,2.0
フィリピン人 介護士,https://gaikoku-jinzai.tcj-education.com/posts/filipino_personnel,DESKTOP,0,1,0.0%,1.0
フィリピン人材 特徴,https://gaikoku-jinzai.tcj-education.com/posts/filipino_personnel,DESKTOP,0,1,0.0%,48.0
フランス 日本 比較,https://gaikoku-jinzai.tcj-education.com/posts/work_life_balance,MOBILE,0,1,0.0%,1.0
プログラマ 採用コスト,https://gaikoku-jinzai.tcj-education.com/posts/recruitment_cost,DESKTOP,0,1,0.0%,48.0
ベトナム 平均年齢,https://gaikoku-jinzai.tcj-education.com/posts/vietnamese_personnel,MOBILE,0,1,0.0%,1.0
ベトナム 技能実習生 なぜ多い,https://gaikoku-jinzai.tcj-education.com/posts/vietnamese_personnel,MOBILE,0,1,0.0%,1.0
ベトナム人 留学生 採用,https://gaikoku-jinzai.tcj-education.com/posts/vietnamese_personnel,DESKTOP,0,1,0.0%,66.0
ベトナム人 留学生 採用,https://gaikoku-jinzai.tcj-education.com/posts/vietnamese_personnel,MOBILE,0,1,0.0%,55.0
ベトナム人採用 注意点,https://gaikoku-jinzai.tcj-education.com/posts/vietnamese_personnel,DESKTOP,0,1,0.0%,79.0
レベル,https://gaikoku-jinzai.tcj-education.com/posts/time_to_learn_japanese,TABLET,0,1,0.0%,3.0
レベル とは,https://gaikoku-jinzai.tcj-education.com/posts/time_to_learn_japanese,DESKTOP,0,1,0.0%,2.0
レベル 和訳,https://gaikoku-jinzai.tcj-education.com/posts/time_to_learn_japanese,DESKTOP,0,1,0.0%,2.0
レベルとは,https://gaikoku-jinzai.tcj-education.com/posts/time_to_learn_japanese,DESKTOP,0,1,0.0%,2.0
レベルを日本語で,https://gaikoku-jinzai.tcj-education.com/posts/time_to_learn_japanese,MOBILE,0,1,0.0%,1.0
レベル日本語,https://gaikoku-jinzai.tcj-education.com/posts/time_to_learn_japanese,MOBILE,0,1,0.0%,1.0
中国人 なぜ日本で働く,https://gaikoku-jinzai.tcj-education.com/posts/Chinese_personnel,DESKTOP,0,1,0.0%,17.0
中国人 なぜ日本で働く,https://gaikoku-jinzai.tcj-education.com/posts/Chinese_personnel,MOBILE,0,1,0.0%,1.0
中国人 出稼ぎ,https://gaikoku-jinzai.tcj-education.com/posts/Chinese_personnel,MOBILE,0,1,0.0%,1.0
中国人 目 特徴,https://gaikoku-jinzai.tcj-education.com/posts/chinese_personnel,MOBILE,0,1,0.0%,1.0
中国人採用 注意点,https://gaikoku-jinzai.tcj-education.com/posts/chinese_personnel,MOBILE,0,1,0.0%,23.0
中国人給料,https://gaikoku-jinzai.tcj-education.com/posts/Chinese_personnel,MOBILE,0,1,0.0%,1.0
中国文化 特徴,https://gaikoku-jinzai.tcj-education.com/posts/chinese_personnel,DESKTOP,0,1,0.0%,36.0
人々の暮らし,https://gaikoku-jinzai.tcj-education.com/posts/work_life_balance,MOBILE,0,1,0.0%,3.0
介護 面接 質問,https://gaikoku-jinzai.tcj-education.com/posts/nursing_care1,DESKTOP,0,1,0.0%,73.0
働き方改革 外国人労働者,https://gaikoku-jinzai.tcj-education.com/posts/status_and_issues_hiring_foreigner,DESKTOP,0,1,0.0%,100.0
出張中の事故 労災,https://gaikoku-jinzai.tcj-education.com/posts/work_injury_insurance,MOBILE,0,1,0.0%,1.0
労災,https://gaikoku-jinzai.tcj-education.com/posts/work_injury_insurance,TABLET,0,1,0.0%,1.0
労災 保険,https://gaikoku-jinzai.tcj-education.com/posts/work_injury_insurance,MOBILE,0,1,0.0%,1.0
労災 外国人,https://gaikoku-jinzai.tcj-education.com/posts/work_injury_insurance,TABLET,0,1,0.0%,1.0
労災 条件 パート,https://gaikoku-jinzai.tcj-education.com/posts/work_injury_insurance,MOBILE,0,1,0.0%,1.0
労災 申請,https://gaikoku-jinzai.tcj-education.com/posts/work_injury_insurance,MOBILE,0,1,0.0%,1.0
労災 適用範囲,https://gaikoku-jinzai.tcj-education.com/posts/work_injury_insurance,TABLET,0,1,0.0%,1.0
労災保険の適用,https://gaikoku-jinzai.tcj-education.com/posts/work_injury_insurance,MOBILE,0,1,0.0%,1.0
口頭試問 対策,https://gaikoku-jinzai.tcj-education.com/posts/japanese_lang_skills,MOBILE,0,1,0.0%,1.0
在留カード 偽造 見分け方 法務省,https://gaikoku-jinzai.tcj-education.com/posts/confirmation_of_residence_status,MOBILE,0,1,0.0%,3.0
在留資格 確認,https://gaikoku-jinzai.tcj-education.com/posts/confirmation_of_residence_status,MOBILE,0,1,0.0%,12.0
在留資格の確認,https://gaikoku-jinzai.tcj-education.com/posts/confirmation_of_residence_status,MOBILE,0,1,0.0%,1.0
外人労働者,https://gaikoku-jinzai.tcj-education.com/posts/work_injury_insurance,MOBILE,0,1,0.0%,1.0
外国 人 採用 日本 語 能力,https://gaikoku-jinzai.tcj-education.com/posts/japanese_lang_skills,MOBILE,0,1,0.0%,23.0
外国 人 採用 注意 点,https://gaikoku-jinzai.tcj-education.com/posts/points_to_note,DESKTOP,0,1,0.0%,60.0
外国 人 留学生 アルバイト 問題,https://gaikoku-jinzai.tcj-education.com/posts/parttimework_for_international_students,DESKTOP,0,1,0.0%,85.0
外国人 n3,https://gaikoku-jinzai.tcj-education.com/posts/time_to_learn_japanese,MOBILE,0,1,0.0%,1.0
外国人 アルバイト 紹介,https://gaikoku-jinzai.tcj-education.com/posts/parttimework_for_international_students,DESKTOP,0,1,0.0%,41.0
外国人 ビザ 重要,https://gaikoku-jinzai.tcj-education.com/tags/visa,DESKTOP,0,1,0.0%,90.0
外国人 ビジネスマナー 比較,https://gaikoku-jinzai.tcj-education.com/posts/business_manners,DESKTOP,0,1,0.0%,2.0
外国人 労災,https://gaikoku-jinzai.tcj-education.com/posts/work_injury_insurance,DESKTOP,0,1,0.0%,1.0
外国人 労災,https://gaikoku-jinzai.tcj-education.com/posts/work_injury_insurance,TABLET,0,1,0.0%,1.0
外国人 採用 条件,https://gaikoku-jinzai.tcj-education.com/posts/precautions_steps-to-Adoption,DESKTOP,0,1,0.0%,92.0
外国人 採用 注意点,https://gaikoku-jinzai.tcj-education.com/posts/precautions_steps-to-Adoption,DESKTOP,0,1,0.0%,100.0
外国人 採用 準備,https://gaikoku-jinzai.tcj-education.com/posts/precautions_steps-to-Adoption,DESKTOP,0,1,0.0%,100.0
外国人 日本語レベル,https://gaikoku-jinzai.tcj-education.com/posts/time_to_learn_japanese,DESKTOP,0,1,0.0%,83.0
外国人 日本語レベルチェック,https://gaikoku-jinzai.tcj-education.com/posts/japanese_lang_skills,DESKTOP,0,1,0.0%,31.0
外国人 留学生 アルバイト,https://gaikoku-jinzai.tcj-education.com/posts/parttimework_for_international_students,DESKTOP,0,1,0.0%,62.0
外国人 雇うと補助金,https://gaikoku-jinzai.tcj-education.com/posts/status_and_issues_hiring_foreigner,MOBILE,0,1,0.0%,1.0
外国人 雇用 問題,https://gaikoku-jinzai.tcj-education.com/posts/confirmation_of_residence_status,MOBILE,0,1,0.0%,1.0
外国人 雇用 問題,https://gaikoku-jinzai.tcj-education.com/posts/status_and_issues_hiring_foreigner,DESKTOP,0,1,0.0%,76.0
外国人の人権問題,https://gaikoku-jinzai.tcj-education.com/posts/gaikokujin-jinken-mondai,DESKTOP,0,1,0.0%,92.0
外国人アルバイト 雇用,https://gaikoku-jinzai.tcj-education.com/posts/parttimework_for_international_students,MOBILE,0,1,0.0%,81.0
外国人労働時間 28時間,https://gaikoku-jinzai.tcj-education.com/posts/parttimework_for_international_students,MOBILE,0,1,0.0%,1.0
外国人労働者 コミュニケーション問題,https://gaikoku-jinzai.tcj-education.com/posts/solving_communication_issues,MOBILE,0,1,0.0%,30.0
外国人労働者 コミュニケーション問題 データ,https://gaikoku-jinzai.tcj-education.com/posts/solving_communication_issues,DESKTOP,0,1,0.0%,93.0
外国人労働者 労働災害,https://gaikoku-jinzai.tcj-education.com/posts/work_injury_insurance,DESKTOP,0,1,0.0%,61.0
外国人労働者 労災,https://gaikoku-jinzai.tcj-education.com/posts/work_injury_insurance,DESKTOP,0,1,0.0%,2.0
外国人労働者 推移 予測,https://gaikoku-jinzai.tcj-education.com/posts/status_and_issues_hiring_foreigner,DESKTOP,0,1,0.0%,79.0
外国人労働者 日本語 レベル,https://gaikoku-jinzai.tcj-education.com/posts/japanese_lang_skills,DESKTOP,0,1,0.0%,27.0
外国人労働者 日本語レベル,https://gaikoku-jinzai.tcj-education.com/posts/japanese_lang_skills,DESKTOP,0,1,0.0%,23.0
外国人労働者 課題,https://gaikoku-jinzai.tcj-education.com/posts/status_and_issues_hiring_foreigner,DESKTOP,0,1,0.0%,85.0
外国人労働者が増えると起こる影響,https://gaikoku-jinzai.tcj-education.com/posts/status_and_issues_hiring_foreigner,MOBILE,0,1,0.0%,67.0
外国人労働者の課題,https://gaikoku-jinzai.tcj-education.com/posts/status_and_issues_hiring_foreigner,DESKTOP,0,1,0.0%,4.0
外国人労働者受け入れ 現状,https://gaikoku-jinzai.tcj-education.com/posts/status_and_issues_hiring_foreigner,MOBILE,0,1,0.0%,82.0
外国人労働者数 最新,https://gaikoku-jinzai.tcj-education.com/posts/status_and_issues_hiring_foreigner,DESKTOP,0,1,0.0%,86.0
外国人労災,https://gaikoku-jinzai.tcj-education.com/posts/work_injury_insurance,MOBILE,0,1,0.0%,1.0
外国人技能実習生 労災保険 適用,https://gaikoku-jinzai.tcj-education.com/posts/work_injury_insurance,MOBILE,0,1,0.0%,11.0
外国人採用 ニュース,https://gaikoku-jinzai.tcj-education.com/posts/status_and_issues_hiring_foreigner,DESKTOP,0,1,0.0%,85.0
外国人採用 注意点,https://gaikoku-jinzai.tcj-education.com/posts/points_to_note,DESKTOP,0,1,0.0%,62.0
外国人採用 注意点,https://gaikoku-jinzai.tcj-education.com/posts/points_to_note,MOBILE,0,1,0.0%,65.0
外国人採用 費用,https://gaikoku-jinzai.tcj-education.com/posts/recruitment_cost,DESKTOP,0,1,0.0%,91.0
外国人採用注意点,https://gaikoku-jinzai.tcj-education.com/posts/precautions_steps-to-Adoption,DESKTOP,0,1,0.0%,99.0
外国人雇用 確認事項,https://gaikoku-jinzai.tcj-education.com/posts/confirmation_of_residence_status,DESKTOP,0,1,0.0%,38.0
大阪 ベトナム人 多い,https://gaikoku-jinzai.tcj-education.com/posts/vietnamese_personnel,MOBILE,0,1,0.0%,1.0
実践 言い換え,https://gaikoku-jinzai.tcj-education.com/posts/clear_japanese,MOBILE,0,1,0.0%,13.0
技能実習制度 育成就労制度,https://gaikoku-jinzai.tcj-education.com/posts/ikusei-shuro-seido,MOBILE,0,1,0.0%,30.0
技能実習生 労災 報告,https://gaikoku-jinzai.tcj-education.com/posts/work_injury_insurance,MOBILE,0,1,0.0%,1.0
技能実習生 平均年齢,https://gaikoku-jinzai.tcj-education.com/posts/status_and_issues_hiring_foreigner,MOBILE,0,1,0.0%,1.0
指示 やわらかい 表現,https://gaikoku-jinzai.tcj-education.com/posts/clear_japanese,TABLET,0,1,0.0%,10.0
指示 やわらかい言い方,https://gaikoku-jinzai.tcj-education.com/posts/clear_japanese,MOBILE,0,1,0.0%,1.0
指示 言い換え,https://gaikoku-jinzai.tcj-education.com/posts/clear_japanese,DESKTOP,0,1,0.0%,10.0
指示を出す人 言い換え,https://gaikoku-jinzai.tcj-education.com/posts/clear_japanese,MOBILE,0,1,0.0%,8.0
教鞭を執る 言い換え,https://gaikoku-jinzai.tcj-education.com/posts/clear_japanese,MOBILE,0,1,0.0%,11.0
文化的背景 言い換え,https://gaikoku-jinzai.tcj-education.com/posts/clear_japanese,MOBILE,0,1,0.0%,14.0
日文要學多久,https://gaikoku-jinzai.tcj-education.com/posts/time_to_learn_japanese,MOBILE,0,1,0.0%,1.0
日本 語 能力 を 高める,https://gaikoku-jinzai.tcj-education.com/posts/japanese_lang_skills,DESKTOP,0,1,0.0%,90.0
日本 語 能力 を 高める,https://gaikoku-jinzai.tcj-education.com/posts/japanese_lang_skills,MOBILE,0,1,0.0%,96.0
日本で働く中国人 理由,https://gaikoku-jinzai.tcj-education.com/posts/Chinese_personnel,MOBILE,0,1,0.0%,12.0
日本語 レベル,https://gaikoku-jinzai.tcj-education.com/posts/time_to_learn_japanese,TABLET,0,1,0.0%,1.0
日本語 レベル 表,https://gaikoku-jinzai.tcj-education.com/posts/time_to_learn_japanese,TABLET,0,1,0.0%,4.0
日本語 勉強し なおす,https://gaikoku-jinzai.tcj-education.com/posts/time_to_learn_japanese,MOBILE,0,1,0.0%,4.0
日本語 外国人 どう聞こえる,https://gaikoku-jinzai.tcj-education.com/posts/japanese_listening,MOBILE,0,1,0.0%,1.0
日本語 習得 時間,https://gaikoku-jinzai.tcj-education.com/posts/time_to_learn_japanese,TABLET,0,1,0.0%,1.0
日本語を学ぶ理由,https://gaikoku-jinzai.tcj-education.com/posts/learning_japanese,MOBILE,0,1,0.0%,1.0
日本語レベル,https://gaikoku-jinzai.tcj-education.com/posts/time_to_learn_japanese,DESKTOP,0,1,0.0%,2.0
日本語レベル n1,https://gaikoku-jinzai.tcj-education.com/posts/japanese_lang_skills,MOBILE,0,1,0.0%,1.0
日本語学習サイト 無料,https://gaikoku-jinzai.tcj-education.com/posts/time_to_learn_japanese,MOBILE,0,1,0.0%,11.0
日本語教室,https://gaikoku-jinzai.tcj-education.com/posts/time_to_learn_japanese,DESKTOP,0,1,0.0%,8.0
日本語教師 勉強時間,https://gaikoku-jinzai.tcj-education.com/posts/time_to_learn_japanese,DESKTOP,0,1,0.0%,63.0
日本語検定 ランク,https://gaikoku-jinzai.tcj-education.com/posts/japanese_lang_skills,DESKTOP,0,1,0.0%,3.0
日本語検定 レベル,https://gaikoku-jinzai.tcj-education.com/posts/japanese_lang_skills,MOBILE,0,1,0.0%,1.0
日本語検定 一級,https://gaikoku-jinzai.tcj-education.com/posts/japanese_lang_skills,MOBILE,0,1,0.0%,4.0
日本語検定 面接,https://gaikoku-jinzai.tcj-education.com/posts/japanese_lang_skills,MOBILE,0,1,0.0%,1.0
日本語検定1級 外国人,https://gaikoku-jinzai.tcj-education.com/posts/japanese_lang_skills,DESKTOP,0,1,0.0%,91.0
日本語習得 時間,https://gaikoku-jinzai.tcj-education.com/posts/time_to_learn_japanese,TABLET,0,1,0.0%,9.0
日本語能力試験 日本人,https://gaikoku-jinzai.tcj-education.com/posts/japanese_lang_skills,TABLET,0,1,0.0%,1.0
求人 票 英語,https://gaikoku-jinzai.tcj-education.com/posts/job_posting2,DESKTOP,0,1,0.0%,69.0
海外人材派遣 日本語話せる レベル,https://gaikoku-jinzai.tcj-education.com/posts/time_to_learn_japanese,DESKTOP,0,1,0.0%,82.0
特定 技能 日本 語 教育,https://gaikoku-jinzai.tcj-education.com/download/material/recruitment01,MOBILE,0,1,0.0%,95.0
特定技能,https://gaikoku-jinzai.tcj-education.com/seminar/sem28,MOBILE,0,1,0.0%,9.0
特定技能 面接 質問,https://gaikoku-jinzai.tcj-education.com/posts/nursing_care1,DESKTOP,0,1,0.0%,16.0
留学ビザ アルバイト,https://gaikoku-jinzai.tcj-education.com/posts/parttimework_for_international_students,DESKTOP,0,1,0.0%,68.0
留学生 アルバイト,https://gaikoku-jinzai.tcj-education.com/posts/parttimework_for_international_students,MOBILE,0,1,0.0%,15.0
留年 バイト,https://gaikoku-jinzai.tcj-education.com/posts/parttimework_for_international_students,MOBILE,0,1,0.0%,1.0
異文化 言い換え,https://gaikoku-jinzai.tcj-education.com/posts/clear_japanese,MOBILE,0,1,0.0%,13.0
研修制度 外国人,https://gaikoku-jinzai.tcj-education.com/posts/ikusei-shuro-seido,DESKTOP,0,1,0.0%,3.0
育成就労 在留期間,https://gaikoku-jinzai.tcj-education.com/posts/ikusei-shuro-seido,DESKTOP,0,1,0.0%,9.0
要約して,https://gaikoku-jinzai.tcj-education.com/posts/Sense_of_time,DESKTOP,0,1,0.0%,3.0
言葉を出す 言い換え,https://gaikoku-jinzai.tcj-education.com/posts/clear_japanese,DESKTOP,0,1,0.0%,11.0
言語処理能力,https://gaikoku-jinzai.tcj-education.com/posts/japanese_lang_skills,MOBILE,0,1,0.0%,1.0
読み取った 言い換え,https://gaikoku-jinzai.tcj-education.com/posts/clear_japanese,MOBILE,0,1,0.0%,12.0
韓国 働き方,https://gaikoku-jinzai.tcj-education.com/posts/work_life_balance,MOBILE,0,1,0.0%,1.0
高度専門職とは,https://gaikoku-jinzai.tcj-education.com/posts/highly_skilled_professional,MOBILE,0,1,0.0%,1.0
ｔｃｊ,https://gaikoku-jinzai.tcj-education.com/,MOBILE,0,1,0.0%,9.0
ｔｏｐｊ 採用,https://gaikoku-jinzai.tcj-education.com/posts/japanese_lang_skills,DESKTOP,0,1,0.0%,50.0