カテゴリ,比較項目,アビタス (Abitus),D-Quest (CFEアカデミー)  2025年9月開講,独学,Abitusの優位性 (Winポイント),
1. 実績,合格実績 (累積),800名以上 (2018年〜),非公開 ,"非公開 (会員数約2,400名)
※ACFE国内会員数約3500名（2025年10月現在）","市場シェアNo.1

後発ながら7年で市場の約1/3を輩出する圧倒的実績。",2025年9月開講したばかり
,年間合格者,80〜110名,非公開,推定 100名程度 (全体-アビタス),"合格者の「顔」が見える

年間合格者の約半数がアビタス出身。",
,合格率,45-70% (目標90%),不明 (公式Web問題集依存),30-40% (独学含む推定),"高い合格確度
独学・他社と比較して+15pt以上の合格率を実現。
「問題を覚える」だけでなく「理解して解く」から合格率が高い。",
,運営・認定,国際資格専門スクール (20年以上),不正調査会社 (ACFE法人会員),資格認定団体 (一般社団法人),"教育のプロフェッショナル
「教育」に特化したノウハウと実績の蓄積。
「調査のプロ」と「教えるプロ」は異なる。",
2. 教材,メイン教材,"完全オリジナルテキスト

(日本語・図解豊富) 
約 967 ページ

(S1:242, S2:195, S3:275, S4:255)
最新基準に完全対応

・教材開発部が随時改定

・試験傾向に即した内容","オリジナルレジュメ

(要約版ベース・PDFのみ)　
古い情報の混在

・COSO-ERM改定への言及漏れ

・IIA基準が改定前のもの
非公開 (要約版ベース)

※公式マニュアル要約版は約432頁","公式「不正検査士マニュアル」

(2,000ページ超の辞書)","「試験に出る」形に圧縮

膨大な公式資料を独自に分析・加工した唯一の教材。",
,講義・インプット,"動画講義 約36時間
(2,170分)
スモールユニット方式","動画講義 約16時間
(981分)
重要論点のみ抜粋","単発セミナー / 自習メイン

体系的なコースではない","網羅性と効率の両立

初学者でも躓かない丁寧な解説と、倍速・スキマ学習機能。",
,演習ツール,"オリジナル問題集 + アプリ

(約1,500問・日本語解説充実)","公式Web問題集を使用

(約1,500問・アプリなし)","公式Web問題集

(約1,500問)","「解ける」力の養成

「なぜ違うのか」まで解説するオリジナル問題集で定着率UP。",
,試験対応力,完全日本語で体系的に学習可,"英語原文ベースの理解が必要
問題集は公式と同一だが解説動画等は限定的",英語原文マニュアルが基本,"言語の壁を排除

英語が苦手でも、本質的な内容理解に集中できる。",
,デジタル対応,"電子テキスト・アプリ完備
紙テキスト ＋ 電子テキスト

(B5版 4冊)","PDFデータのみ

(紙テキストなし)",デジタル版マニュアルあり,"マルチデバイス学習

スマホ・タブレットでいつでもどこでも学習可能。",
,学習のしやすさ,"高い (ストレスフリー)

・テキストと問題集の完全リンク

・マルチデバイス同期","低い (ストレス大)

・PDFが散逸しやすい

・Section 4のみ仕様が違う等、不統一",-,"「続けられる」環境

安さの代償として、学習開始までの手間（印刷やDL）が発生する。",
3. 講義,学習スタイル,"eラーニング + Zoomライブ

(ハイブリッド型)",オンデマンド配信のみ,集合研修 / ウェビナー,"ペースメーカー機能

ライブ講義でモチベーション維持、eラーニングで予復習の二刀流。",
,講師の質,"実務家 × 受験指導のプロ

(八野寿典氏ら)

★講師歴・研修実績数","実務家中心

(福山隆秋氏ら)","大学教授・弁護士など

(八田進二氏ら権威中心)","「教える」技術の差

実務知識だけでなく、試験対策としての「分かりやすさ」を追求。",
,コース内容,短期集中・オールインワン,"実務家中心

(福山隆秋氏ら)",各論点ごとの単発講義,"合格への最短ルート

合格に必要な要素を過不足なくパッケージ化。",
,カリキュラム,全16回 (41.5時間),全12回 (18時間),不定期開催,"圧倒的な情報量

他社の倍以上の講義時間で、理解の深さが違う。",
,総講義時間,"約 36.2 時間 (2,170分)",約 16.4 時間 (981分),-,"圧倒的な情報量 (2.2倍)

初学者が理解するために必要な「背景解説」や「具体例」がD-Questでは大幅に省略されている。",
,最短学習,,,,,
,Section 1 (財務),約 10.8 時間 (650分),約 7.1 時間 (430分),-,財務会計知識がない人にとって、D-Questの短さは致命的。,
,Section 2 (法律),約 8.7 時間 (520分),約 3.3 時間 (200分),-,2.6倍の差。法律用語や概念の理解に大きな差が出る。,
,Section 3 (調査),約 8.7 時間 (520分),約 2.8 時間 (166分),-,3.1倍の差。実務的な調査手法の理解度が変わる。,
,Section 4 (防止),約 8.0 時間 (480分),約 1.7 時間 (101分),-,4.7倍の差。D-Questは100分しかなく、ほぼ用語の読み上げのみと推測される。,
4. サポート,学習サポート,質問回数無制限 (2年間),事務的な対応,基本的になし (自己責任),"挫折させない伴走体制

疑問点を即座に解消できる環境が、学習継続の鍵。",
,継続教育(CPE),各種セミナー・勉強会あり,なし,年次カンファレンス等,"取得後も安心

資格維持に必要なCPE単位取得の機会も豊富に提供。",
,キャリア支援,"専門エージェントあり

(Ab Career)",なし,なし,"資格をキャリアに直結

合格後の転職やキャリアアップまで一気通貫で支援。",
,受験手続き,詳細マニュアル + 個別相談,マニュアル提供のみ,英語サイトでの自力手続き,"英語手続きの壁を撤廃

複雑な出願手続きも、専任スタッフがフルサポート。",
,コミュニティ,スタディグループ・交流会,なし,会員限定イベント,"横のつながり

同じ志を持つ仲間とのネットワーク形成。",
5. 費用,価格帯 (税込),"232,100円 〜","132,000円",1セミナー 1.5万〜3万円 × 複数 ＝総額10〜15万円程度 (積上式),"投資対効果 (ROI)

価格差以上の「合格確度」と「時間短縮効果」を提供。",
,コスト構造,入学金・教材・講義・サポート込,受講料のみ (教材はPDF),セミナー代 × 回数,"追加費用なし

合格までのトータルコストで見れば、再受験リスクも低く経済的。",
,割引制度,法人割引,不明,法人会員割引,"実質負担の軽減

給付金利用で最大70%OFFなど、制度活用でさらに安く。",
6. その他,決定的な違い,「合格させる」へのコミット,「知識を提供する」スタンス,「資格を認定する」立場,"目的の違い

アビタスは「合格」をゴールに逆算して設計されている。",
,ターゲット,初学者〜実務家まで全層,実務経験者・独学補助層,すでにACFE会員の人,"間口の広さ

内部監査未経験者でもゼロから合格レベルまで引き上げる。",
,営業・顧客接点,PULL(個人) + PUSH(法人),Web受付 (PULL型),Web受付 (PULL型),"提案型アプローチ

組織の課題解決として、法人研修導入の実績も豊富。",
,競合の強み,(自社),価格の安さ、公式準拠感,権威性、公式ブランド,"競合分析

「安さ」や「公式」に惹かれる層に対し、「効率」と「確実性」で勝負。",
,競合の弱み,(自社),サポート不足、紙教材なし,体系化されていない、難解,"弱点の攻略

他社で挫折した層の受け皿としても機能。",