レポート開始日,レポート終了日,広告の名前,広告の配信,アトリビューション設定,結果,結果インジケーター,リーチ,フリークエンシー,結果の単価,広告セットの予算,広告セットの予算タイプ,"消化金額 (JPY)",終了日時,品質ランキング,エンゲージメント率ランキング,コンバージョン率ランキング,インプレッション,"CPM(インプレッション単価) (JPY)",リンクのクリック,shop_clicks,"CPC(リンククリックの単価) (JPY)",CTR(リンククリックスルー率),クリック(すべて),CTR(すべて),"CPC(すべて) (JPY)",ランディングページビュー,"ランディングページビューの単価 (JPY)"
2025-05-05,2026-03-05,Global_0522_A,inactive,クリックから7日間、表示から1日間、またはエンゲージビューから1日間,9,actions:offsite_conversion.fb_pixel_complete_registration,13399,1.814762,3479,2000,1日,31311,2025-12-04,―,―,―,24316,1287.67067,147,,213,0.60454,355,1.459944,88.2,131,239.015267
2025-05-05,2026-03-05,Global_0522_B,inactive,クリックから7日間、表示から1日間、またはエンゲージビューから1日間,2,actions:offsite_conversion.fb_pixel_complete_registration,2922,1.383299,3489.5,2000,1日,6979,2025-12-04,―,―,―,4042,1726.620485,30,,232.633333,0.742207,62,1.533894,112.564516,24,290.791667
2025-05-05,2026-03-05,Global_0625_A,inactive,クリックから7日間、表示から1日間、またはエンゲージビューから1日間,17,actions:offsite_conversion.fb_pixel_complete_registration,23415,2.608542,4048.52941176,2000,1日,68825,2025-12-04,―,―,―,61079,1126.819365,270,,254.907407,0.44205,778,1.27376,88.46401,236,291.631356
2025-05-05,2026-03-05,Global_0625_B,inactive,クリックから7日間、表示から1日間、またはエンゲージビューから1日間,14,actions:offsite_conversion.fb_pixel_complete_registration,29082,2.367375,5519.5,2000,1日,77273,2025-12-04,―,―,―,68848,1122.37102,348,,222.048851,0.505461,875,1.270916,88.312,307,251.703583
2025-05-05,2026-03-05,Global_0709_A,inactive,クリックから7日間、表示から1日間、またはエンゲージビューから1日間,29,actions:offsite_conversion.fb_pixel_complete_registration,17833,2.649526,2085.51724138,2000,1日,60480,2025-12-04,―,―,―,47249,1280.027091,345,,175.304348,0.730174,819,1.73337,73.846154,320,189
2025-05-05,2026-03-05,Global_0709_B,inactive,クリックから7日間、表示から1日間、またはエンゲージビューから1日間,7,actions:offsite_conversion.fb_pixel_complete_registration,3256,1.994165,1355.85714286,2000,1日,9491,2025-12-04,―,―,―,6493,1461.728015,44,,215.704545,0.677653,117,1.801941,81.119658,38,249.763158
2025-05-05,2026-03-05,Global_0806_A,inactive,クリックから7日間、表示から1日間、またはエンゲージビューから1日間,29,actions:offsite_conversion.fb_pixel_complete_registration,14682,2.406893,1829.89655172,2000,1日,53067,2025-12-04,―,―,―,35338,1501.697889,298,,178.077181,0.843285,685,1.938423,77.470073,265,200.25283
2025-05-05,2026-03-05,Global_0910_A,inactive,クリックから7日間、表示から1日間、またはエンゲージビューから1日間,9,actions:offsite_conversion.fb_pixel_complete_registration,17846,2.209739,7676,2000,1日,69084,2025-12-04,―,―,―,39435,1751.844808,554,,124.700361,1.404843,1012,2.566248,68.264822,459,150.509804
2025-05-05,2026-03-05,Global_1002_A,inactive,クリックから7日間、表示から1日間、またはエンゲージビューから1日間,4,actions:offsite_conversion.fb_pixel_complete_registration,9789,2.265706,10871.75,2000,1日,43487,2025-12-04,―,―,―,22179,1960.728617,148,,293.831081,0.667298,380,1.713332,114.439474,130,334.515385
2025-05-05,2026-03-05,Global_1002_A,inactive,クリックから7日間、表示から1日間、またはエンゲージビューから1日間,3,actions:offsite_conversion.fb_pixel_complete_registration,5394,1.228217,2517.66666667,2000,1日,7553,2025-12-04,―,―,―,6625,1140.075472,24,,314.708333,0.362264,52,0.784906,145.25,22,343.318182
2025-05-05,2026-03-05,Global_1002_B,inactive,クリックから7日間、表示から1日間、またはエンゲージビューから1日間,16,actions:offsite_conversion.fb_pixel_complete_registration,14202,2.213773,3830.0625,2000,1日,61281,2025-12-04,―,―,―,31440,1949.141221,175,,350.177143,0.556616,409,1.300891,149.831296,146,419.732877
2025-05-05,2026-03-05,Global_1002_A,inactive,クリックから7日間、表示から1日間、またはエンゲージビューから1日間,5,actions:offsite_conversion.fb_pixel_complete_registration,7860,2.090967,6659.4,2000,1日,33297,2025-12-04,―,―,―,16435,2025.981138,91,,365.901099,0.553696,212,1.28993,157.061321,69,482.565217
2025-05-05,2026-03-05,Global_1015_A,inactive,クリックから7日間、表示から1日間、またはエンゲージビューから1日間,49,actions:offsite_conversion.fb_pixel_complete_registration,38613,3.285318,2021.83673469,2000,1日,99070,2025-12-04,―,―,―,126856,780.964243,921,,107.567861,0.72602,2444,1.926594,40.536007,831,119.21781
2025-05-05,2026-03-05,Global_1023_A,inactive,クリックから7日間、表示から1日間、またはエンゲージビューから1日間,16,actions:offsite_conversion.fb_pixel_complete_registration,24531,1.942196,5993.4375,3800,1日,95895,2025-12-23,―,―,―,47644,2012.740324,481,,199.365904,1.009571,896,1.880615,107.02567,434,220.956221
2025-05-05,2026-03-05,Global_1028_A,inactive,クリックから7日間、表示から1日間、またはエンゲージビューから1日間,8,actions:offsite_conversion.fb_pixel_complete_registration,15768,2.755327,12053.5,2000,1日,96428,2025-12-04,―,―,―,43446,2219.490862,407,,236.923833,0.936795,720,1.65723,133.927778,378,255.100529
2025-05-05,2026-03-05,Global_1106_A,inactive,クリックから7日間、表示から1日間、またはエンゲージビューから1日間,23,actions:offsite_conversion.fb_pixel_complete_registration,12352,3.067034,4252.91304348,3800,1日,97817,2025-12-23,―,―,―,37884,2582.013515,294,,332.710884,0.776053,614,1.620737,159.311075,264,370.518939
2025-05-05,2026-03-05,Global_1111_A,inactive,クリックから7日間、表示から1日間、またはエンゲージビューから1日間,20,actions:offsite_conversion.fb_pixel_complete_registration,31208,2.209722,4462.05,2000,1日,89241,2025-12-04,―,―,―,68961,1294.079262,395,,225.926582,0.572788,1156,1.67631,77.198097,354,252.09322
2025-05-05,2026-03-05,Global_1113_A,inactive,クリックから7日間、表示から1日間、またはエンゲージビューから1日間,7,actions:offsite_conversion.fb_pixel_complete_registration,12905,2.755831,14247.28571429,3800,1日,99731,2025-12-23,―,―,―,35564,2804.268361,232,,429.875,0.652345,450,1.265324,221.624444,173,576.479769
2025-05-05,2026-03-05,Global_1118_A,inactive,クリックから7日間、表示から1日間、またはエンゲージビューから1日間,42,actions:offsite_conversion.fb_pixel_complete_registration,32114,2.39721,2217.07142857,3500,1日,93117,2025-12-16,―,―,―,76984,1209.563026,882,,105.57483,1.145693,2433,3.160397,38.272503,800,116.39625
2025-05-05,2026-03-05,Global_1120_A,inactive,クリックから7日間、表示から1日間、またはエンゲージビューから1日間,7,actions:offsite_conversion.fb_pixel_complete_registration,15685,2.595856,13766.28571429,2000,1日,96364,2025-12-04,―,―,―,40716,2366.735436,333,,289.381381,0.81786,758,1.861676,127.129288,253,380.885375
2025-05-05,2026-03-05,Global_1125_A,inactive,クリックから7日間、表示から1日間、またはエンゲージビューから1日間,42,actions:offsite_conversion.fb_pixel_complete_registration,15378,2.386851,2361.71428571,3800,1日,99192,2025-12-23,―,―,―,36705,2702.411116,369,,268.813008,1.005313,811,2.209508,122.308261,330,300.581818
2025-05-05,2026-03-05,Global_1127_A,inactive,クリックから7日間、表示から1日間、またはエンゲージビューから1日間,13,actions:offsite_conversion.fb_pixel_complete_registration,9318,2.880876,7189.92307692,5500,1日,93469,2026-01-06,―,―,―,26844,3481.932648,225,,415.417778,0.838176,432,1.609298,216.363426,190,491.942105
2025-05-05,2026-03-05,Global_1202_A,inactive,クリックから7日間、表示から1日間、またはエンゲージビューから1日間,19,actions:offsite_conversion.fb_pixel_complete_registration,15901,2.170807,4762.52631579,3500,1日,90488,2025-12-16,―,―,―,34518,2621.472855,305,,296.681967,0.883597,645,1.86859,140.291473,263,344.060837
2025-05-05,2026-03-05,Global_1202_B,inactive,クリックから7日間、表示から1日間、またはエンゲージビューから1日間,5,actions:offsite_conversion.fb_pixel_complete_registration,2537,1.481277,2051.8,3500,1日,10259,2025-12-16,―,―,―,3758,2729.909526,30,,341.966667,0.798297,64,1.703034,160.296875,26,394.576923
2025-05-05,2026-03-05,Global_1204_A,inactive,クリックから7日間、表示から1日間、またはエンゲージビューから1日間,15,actions:offsite_conversion.fb_pixel_complete_registration,8068,3.145637,3313.33333333,2000,1日,49700,2025-12-04,―,―,―,25379,1958.31199,226,,219.911504,0.8905,510,2.009535,97.45098,186,267.204301
2025-05-05,2026-03-05,Global_1211_A,inactive,クリックから7日間、表示から1日間、またはエンゲージビューから1日間,26,actions:offsite_conversion.fb_pixel_complete_registration,6287,2.904406,1935.80769231,3800,1日,50331,2025-12-23,―,―,―,18260,2756.352683,191,,263.513089,1.046002,321,1.757941,156.794393,155,324.716129
2025-05-05,2026-03-05,Global_1216_A,inactive,クリックから7日間、表示から1日間、またはエンゲージビューから1日間,27,actions:offsite_conversion.fb_pixel_complete_registration,14720,2.338111,1653.85185185,3500,1日,44654,2025-12-16,―,―,―,34417,1297.440219,424,,105.316038,1.231949,1293,3.756864,34.535189,361,123.695291
2025-05-05,2026-03-05,Global_1223_A,inactive,クリックから7日間、表示から1日間、またはエンゲージビューから1日間,7,actions:offsite_conversion.fb_pixel_complete_registration,14307,2.964703,6165.28571429,3800,1日,43157,2025-12-23,―,―,―,42416,1017.469823,369,,116.95664,0.869955,1090,2.569785,39.593578,291,148.305842
2025-05-05,2026-03-05,Global_1219_A,inactive,クリックから7日間、表示から1日間、またはエンゲージビューから1日間,32,actions:offsite_conversion.fb_pixel_complete_registration,10917,2.520747,1308.1875,5500,1日,41862,2026-01-06,―,―,―,27519,1521.203532,283,,147.922261,1.02838,813,2.954322,51.490775,239,175.154812
2025-05-05,2026-03-05,Global_0106_A,inactive,-,,,0,0,,5500,1日,0,2026-01-06,―,―,―,0,0,,,,,0,0,0,,
2025-05-05,2026-03-05,Global_0106_A,inactive,クリックから7日間、表示から1日間、またはエンゲージビューから1日間,1,actions:offsite_conversion.fb_pixel_lead,2462,1.798944,11169,4000,1日,11169,2026-02-26,―,―,―,4429,2521.788214,30,,372.3,0.677354,60,1.354708,186.15,24,465.375
2025-05-05,2026-03-05,Global_0106_B,inactive,クリックから7日間、表示から1日間、またはエンゲージビューから1日間,10,actions:offsite_conversion.fb_pixel_lead,8470,2.416175,3804.1,4000,1日,38041,2026-02-26,―,―,―,20465,1858.832152,191,,199.167539,0.933301,398,1.944784,95.580402,154,247.019481
2025-05-05,2026-03-05,Global_0108_A,inactive,クリックから7日間、表示から1日間、またはエンゲージビューから1日間,8,actions:offsite_conversion.fb_pixel_lead,8336,2.506838,6334,3600,1日,50672,2026-03-10,―,―,―,20897,2424.845672,188,,269.531915,0.899651,535,2.560176,94.714019,154,329.038961
2025-05-05,2026-03-05,Global_0113_A,inactive,クリックから7日間、表示から1日間、またはエンゲージビューから1日間,11,actions:offsite_conversion.fb_pixel_lead,6763,2.934201,4549.54545455,3700,1日,50045,2026-02-17,―,―,―,19844,2521.920984,160,,312.78125,0.806289,367,1.849426,136.362398,129,387.945736
2025-05-05,2026-03-05,Global_0115_C,inactive,クリックから7日間、表示から1日間、またはエンゲージビューから1日間,5,actions:offsite_conversion.fb_pixel_lead,6515,2.713124,9865.8,3800,1日,49329,2026-02-24,―,―,―,17676,2790.733198,145,,340.2,0.820321,274,1.550124,180.032847,109,452.559633
2025-05-05,2026-03-05,Global_0120_A,inactive,クリックから7日間、表示から1日間、またはエンゲージビューから1日間,39,actions:offsite_conversion.fb_pixel_lead,16553,2.33287,1210.15384615,4000,1日,47196,2026-02-26,―,―,―,38616,1222.187694,528,,89.386364,1.367309,1387,3.591775,34.027397,476,99.151261
2025-05-05,2026-03-05,Global_0122_A,inactive,クリックから7日間、表示から1日間、またはエンゲージビューから1日間,11,actions:offsite_conversion.fb_pixel_lead,3791,3.308626,4037.81818182,3600,1日,44416,2026-03-10,―,―,―,12543,3541.098621,147,,302.14966,1.171968,238,1.897473,186.621849,111,400.144144
2025-05-05,2026-03-05,Global_0127_A,inactive,クリックから7日間、表示から1日間、またはエンゲージビューから1日間,12,actions:offsite_conversion.fb_pixel_lead,7435,3.022327,3693.33333333,3700,1日,44320,2026-02-17,―,―,―,22471,1972.319879,178,,248.988764,0.792132,504,2.242891,87.936508,145,305.655172
2025-05-05,2026-03-05,Global_0212_A,inactive,クリックから7日間、表示から1日間、またはエンゲージビューから1日間,8,actions:offsite_conversion.fb_pixel_lead,7154,2.654319,5870.25,4000,1日,46962,2026-02-26,―,―,―,18989,2473.116015,157,,299.121019,0.826794,299,1.574596,157.063545,137,342.788321
2025-05-05,2026-03-05,Global_0217_A,not_delivering,クリックから7日間、表示から1日間、またはエンゲージビューから1日間,9,actions:offsite_conversion.fb_pixel_lead,4722,2.698856,5226.11111111,3700,1日,47035,2026-02-17,―,―,―,12744,3690.756434,127,,370.354331,0.996547,283,2.220653,166.201413,99,475.10101
2025-05-05,2026-03-05,Global_0219_A,inactive,クリックから7日間、表示から1日間、またはエンゲージビューから1日間,3,actions:offsite_conversion.fb_pixel_lead,1772,1.824492,3692.66666667,3600,1日,11078,2026-03-10,―,―,―,3233,3426.538818,39,,284.051282,1.20631,50,1.546551,221.56,38,291.526316
2025-05-05,2026-03-05,Global_0219_B,inactive,クリックから7日間、表示から1日間、またはエンゲージビューから1日間,8,actions:offsite_conversion.fb_pixel_lead,5052,2.427949,4944.25,3600,1日,39554,2026-03-10,―,―,―,12266,3224.686124,173,,228.635838,1.410403,264,2.152291,149.825758,137,288.715328
2025-05-05,2026-03-05,Global_0224_A,inactive,クリックから7日間、表示から1日間、またはエンゲージビューから1日間,,,407,1.223587,,3800,1日,1517,2026-02-24,―,―,―,498,3046.184739,2,,758.5,0.401606,12,2.409639,126.416667,2,758.5
2025-05-05,2026-03-05,Global_0224_B,not_delivering,クリックから7日間、表示から1日間、またはエンゲージビューから1日間,10,actions:offsite_conversion.fb_pixel_lead,5740,2.653136,4403.2,3800,1日,44032,2026-02-24,―,―,―,15229,2891.32576,109,,403.963303,0.71574,308,2.022457,142.961039,96,458.666667
2025-05-05,2026-03-05,Global_0226_A,not_delivering,クリックから7日間、表示から1日間、またはエンゲージビューから1日間,7,actions:offsite_conversion.fb_pixel_lead,2444,2.371931,4008.71428571,4000,1日,28061,2026-02-26,―,―,―,5797,4840.607211,123,,228.138211,2.121787,149,2.570295,188.328859,85,330.129412
2025-05-05,2026-03-05,Global_0226_B,inactive,クリックから7日間、表示から1日間、またはエンゲージビューから1日間,3,actions:offsite_conversion.fb_pixel_lead,1964,2.250509,7483.66666667,4000,1日,22451,2026-02-26,―,―,―,4420,5079.411765,73,,307.547945,1.651584,97,2.19457,231.453608,50,449.02
2025-05-05,2026-03-05,Global_0310_A,inactive,クリックから7日間、表示から1日間、またはエンゲージビューから1日間,,,3351,2.167413,,3600,1日,23832,2026-03-10,―,―,―,7263,3281.288724,49,,486.367347,0.674652,60,0.826105,397.2,35,680.914286
