No.,日付,時間,ステータス,カテゴリ,サブカテゴリ,配信形式,司会者,登壇者,登壇依頼先,セミナーテーマ,聞き手からの質問,,ターゲット,,,,,,,,,,,,,,,広告配信日,メルマガ配信日,,ターゲット仮説,備考
,,,,,,,,,,,,,業種,,,,,,外国人経験,,,企業規模,,,,エリア,,-14,-14,,,
,,,,,,,,,,,,,外食,介護,宿泊,製造,他,,アリ,無し,,大手,中堅,中小,,都市,地方,,,,,
Sem01,05/22(木),13:30-14:00,開催済み,外国人材採用,,ライブ,徳田,徳田,,定着する特定技能人材を見抜く採用面接,,,✓,✓,✓,✓,✓,,✓,✓,,✓,✓,✓,,✓,✓,05/08(木),05/08(木),,,
Sem02,06/26(木),13:30-14:00,開催済み,外国人材採用,,ライブ,徳田,徳田,,外国人材が活躍する社内コミュニケーション,,,✓,✓,✓,✓,✓,,✓,✓,,✓,✓,✓,,✓,✓,06/12(木),06/12(木),,,
Sem03,07/10(木),13:30-14:00,開催済み,外国人材採用,,ライブ,徳田,徳田,,「日本語ができる外国人はどこまでか」現場で通用するラインを可視化します！,,,✓,✓,✓,✓,✓,,✓,✓,,✓,✓,✓,,✓,✓,06/26(木),06/26(木),,,
Sem04,08/07(木),13:30-14:00,開催済み,外国人材採用,,ライブ,樋田,樋田,日本語教師,雇用現場の当事者が語る、“現場トラブル未然防止”のための特定技能人材コミュニケーション術,,,✓,✓,✓,✓,✓,,✓,✓,,✓,✓,✓,,✓,✓,07/24(木),07/24(木),,,
Sem05,09/11(木),13:30-14:00,開催済み,外国人材採用,,ライブ,杉田,杉田,,文化庁事業で叶える教育費ゼロ｜認定日本語教育機関活用セミナー,,,✓,✓,✓,✓,✓,,-,✓,,✓,✓,✓,,✓,✓,08/28(木),08/28(木),,,Zoho導入に伴いリードの定義を変更
Sem06,10/02(木),13:30-14:00,開催済み,企業事例,外食,ライブ,徳田,松井,プロント,外食の人手不足を解決！外国人材活用ウェビナー,,,✓,-,-,-,-,,✓,✓,,✓,✓,✓,,✓,✓,09/18(木),09/18(木),,外食業の慢性的な人手不足企業,
Sem07,10/16(木),13:30-14:00,開催済み,海外紹介,ネパール,ライブ,杉田,ウメシュ,JANELINK,ネパール人材のリアルを知る！現地日本語学校と働く若者の声 (JANELINK × TCJ),,,✓,✓,✓,-,-,,✓,-,,-,✓,✓,,✓,✓,10/02(木),10/02(木),,外国人雇用経験アリ、より質の高い人材採用を狙う企業,
Sem08,10/23(木),13:30-14:00,開催済み,制度紹介,文科省事業,録画,杉田,杉田,,文化庁事業で叶える教育費ゼロ｜認定日本語教育機関活用セミナー,,,✓,✓,✓,-,-,,✓,-,,-,✓,✓,,✓,✓,10/09(木),10/09(木),,既に外国人雇用実績のあるが日本語教育機会に不満の企業,
Sem09,10/28(火),13:30-14:00,取り下げ,制度紹介,文科省事業,録画,杉田,-,-,文化庁事業で叶える教育費ゼロ｜認定日本語教育機関活用セミナー,,,✓,✓,✓,-,-,,-,✓,,-,✓,✓,,✓,✓,10/14(火),10/14(火),,外国人雇用経験が無く、慢性的な人手不足業界の中小企業,
Sem10,11/06(木),13:30-14:00,開催済み,日本語教育,ビジネスマナー,ライブ,徳田,和田,日本語教師,【現場教育担当 必見！】外国人材とのコミュニケーション、コツは「口に出して伝えること」,,,✓,✓,✓,✓,✓,,✓,-,,✓,✓,✓,,✓,✓,10/23(木),10/23(木),,既に外国人雇用実績のあるが日本語教育機会に不満の企業,
Sem11,11/11(火),13:30-14:00,開催済み,海外紹介,ベトナム,ライブ,杉田,タオ,Nhatpat,【初めての外国人材採用！】ベトナム現地日本語学校と働く若者の声 (Nhatpat × TCJ),,,✓,✓,✓,✓,-,,-,✓,,-,✓,✓,,✓,✓,10/28(火),10/28(火),,外国人雇用経験が無く、慢性的な人手不足業界の中小企業,
Sem12,11/13(木),13:00-14:00,開催済み,企業事例,外食,録画,徳田,松井,プロント,外食の人手不足を解決！外国人材活用ウェビナー,,,✓,-,-,-,-,,-,✓,,-,✓,✓,,✓,✓,10/30(木),10/30(木),,,
Sem13,11/18(火),13:30-14:00,開催済み,海外紹介,ネパール,ライブ,杉田,ラジブ,Rose,ネパール人材のリアルを知る！現地日本語学校と働く若者の声 (ROSE × TCJ),,,✓,✓,✓,-,-,,✓,-,,-,✓,✓,,✓,✓,11/04(火),11/04(火),,外国人雇用経験アリ、より質の高い人材採用を狙う企業,
Sem14,11/20(木),13:30-14:00,開催済み,外国人材採用,ベトナム_就労者,ライブ,杉田,フン,-,なぜ日本を選び、どう準備し、何を学んだか ― ベトナム人材が語る“働く前と後”のリアル,,,-,-,-,-,✓,,✓,✓,,-,✓,✓,,✓,✓,11/06(木),11/06(木),,既に外国人雇用実績のあるが日本語教育機会に不満の企業,
Sem15,11/25(火),13:30-14:00,開催済み,制度紹介,ドライバー,ライブ,加藤さん,座安さん？,-,「外国人ドライバー受け入れ実務セミナー」 ― 特定技能自動車運送業の制度・選考・教育の“よくある質問”を徹底解説ー,,,✓,✓,✓,✓,✓,,-,✓,,✓,✓,✓,,✓,✓,11/11(火),11/11(火),,,
Sem16,11/27(木),13:30-14:00,開催済み,制度紹介,介護,ライブ,加藤さん,座安さん？,-,「これで分かる！特定技能介護の採用制度」― 在留資格・選考・受入手続きのリアルQ&Aー,,,-,✓,-,-,-,,✓,✓,,✓,✓,✓,,✓,✓,11/13(木),11/13(木),,,
Sem17,12/02(火),13:30-14:00,開催済み,海外紹介,インドネシア,ライブ,杉田,アンディ,Seikou,特定技能×インドネシア人材セミナー　来日前準備を現地エージェントが語る（Seikou × TCJ）,,,✓,✓,✓,✓,✓,,✓,-,,✓,✓,✓,,✓,✓,11/18(火),11/18(火),,外国人雇用経験アリ、より質の高い人材採用を狙う企業,
Sem18,12/04(木),13:30-14:00,開催済み,海外紹介,ネパール,録画,杉田,-,-,特定技能×ネパール人材セミナー　来日前準備を現地エージェントが語る（JANELINK × TCJ）,,,✓,✓,✓,✓,✓,,✓,-,,✓,✓,✓,,✓,✓,11/20(木),11/20(木),,既に外国人雇用実績のあるが日本語教育機会に不満の企業,
Sem19,12/11(木),13:30-14:00,開催済み,制度紹介,ドライバー,録画,加藤さん,座安さん？,-,「外国人ドライバー受け入れ実務セミナー」 ― 特定技能自動車運送業の制度・選考・教育の“よくある質問”を徹底解説ー,,,✓,✓,✓,✓,✓,,-,✓,,-,-,✓,,-,✓,11/27(木),11/27(木),,外国人雇用経験が無く、複雑な制度がハードルの地方中小企業,
Sem20,12/16(火),13:30-14:00,開催済み,海外紹介,ネパール,ライブ,杉田,ギリ,Akshara,特定技能×ネパール人材セミナー　来日前準備を現地エージェントが語る（Akshara × TCJ）,,,✓,✓,✓,✓,✓,,-,✓,,✓,✓,✓,,✓,✓,12/02(火),12/02(火),,外国人雇用経験が無く、慢性的な人手不足業界の中小企業,
Sem21,12/19(金),13:30-14:00,開催済み,海外紹介,ミャンマー,ライブ,杉田,トーマス,BetterLife,特定技能×ミャンマー人材セミナー　来日前準備を現地エージェントが語る（BetterLife × TCJ）,,,✓,✓,✓,✓,✓,,-,✓,,✓,-,-,,✓,✓,12/05(金),12/05(金),,外国人雇用経験が無く、複雑な制度と社内稟議がハードルの大手企業,
Sem22,12/23(火),13:30-14:00,開催済み,海外紹介,ネパール,ライブ,杉田,スベディ,Miroku,特定技能×ネパール人材セミナー　来日前準備を現地エージェントが語る（Miroku × TCJ）,,,✓,✓,✓,✓,-,,-,✓,,-,-,✓,,,,12/09(火),12/09(火),,外国人雇用経験が無く、慢性的な人手不足業界の中小企業,
Sem23,01/06(火),13:30-14:00,開催済み,海外紹介,インドネシア,録画,杉田,アンディ,Seikou,特定技能×インドネシア人材セミナー　来日前準備を現地エージェントが語る（Seikou × TCJ）,,,,,,,,,,,,,,,,,,12/23(火),12/23(火),,,
Sem24,01/08(木),13:30-14:00,開催済み,外国人材採用,国内採用,ライブ,杉田,-,-,「入社まで半年」はもう待てない。国内在住の外国人留学生・家族滞在者を採用する「国内調達」シフトのすすめ ,,,,,,,,,,,,,,,,,,12/25(木),12/25(木),,,
Sem25,01/13(火),13:30-14:00,開催済み,制度紹介,介護,録画,加藤さん,座安さん？,-,「これで分かる！特定技能介護の採用制度」― 在留資格・選考・受入手続きのリアルQ&Aー,,,,,,,,,,,,,,,,,,12/30(火),12/30(火),,,
Sem26,01/15(木),13:30-14:00,開催済み,外国人材採用,国内採用,ライブ,杉田,-,-,採用後の「お世話」を劇的に減らす。日本在住歴の長い「在留外国人」採用という選択肢,,,,,,,,,,,,,,,,,,01/01(木),01/01(木),,,
Sem27,01/20(火),13:30-14:00,開催済み,海外紹介,ネパール,録画,杉田,ラジブ,Rose,ネパール人材のリアルを知る！現地日本語学校と働く若者の声 (ROSE × TCJ),学校に通う生徒の年齢層と男女比,,,,,,,,,,,,,,,,,01/06(火),01/06(火),,,
Sem28,01/22(木),13:30-14:00,開催済み,外国人材採用,,ライブ,杉田,浅原,,企業担当者必見！特定技能人材を受け入れる時のマインドセット,,,,,,,,,,,,,,,,,,01/08(木),01/08(木),,,
Sem29,01/27(火),13:30-14:00,開催済み,海外紹介,ミャンマー,録画,杉田,トーマス,BetterLife,特定技能×ミャンマー人材セミナー　来日前準備を現地エージェントが語る（BetterLife × TCJ）,,,,,,,,,,,,,,,,,,01/13(火),01/13(火),,,
Sem30,02/12(木),13:30-14:00,開催済み,業界特化,ドライバー,ライブ,杉田,-,,「誤配・事故リスクを最小化する『ドライバー特化型』外国人採用の秘訣 〜日本語能力と現場トラブルの相関性を紐解く〜」,,,,,,,,,,,,,,,,,,01/29(木),01/29(木),,,
Sem31,02/17(火),13:30-14:00,開催済み,業界特化,外食,ライブ,杉田,-,,【外食業】「知らなかったでは済まされない『不法就労助長』のリスク管理」,,,,,,,,,,,,,,,,,,02/03(火),02/03(火),,,
Sem32,02/19(木),13:30-14:00,開催済み,業界特化,ドライバー,ライブ,杉田,-,,初めての特定技能ドライバー採用！受け入れ準備徹底解説セミナー,,,,,,,,,,,,,,,,,,02/05(木),02/05(木),,,
Sem33,02/24(火),13:30-14:00,開催済み,業界特化,食品製造,ライブ,杉田,-,,採用してから困らないために 特定技能人材の衛生教育とHACCP現場日本語の設計法,,,,,,,,,,,,,,,,,,02/10(火),02/10(火),,,
Sem34,02/26(木),13:30-14:00,開催決定,業界特化,ドライバー,ライブ,杉田,-,,2024年問題を突破する！若手外国人ドライバーによる『持続可能な運送経営』,,,,,,,,,,,,,,,,,,02/12(木),02/12(木),,,
Sem35,03/10(火),13:30-14:00,開催決定,業界特化,ドライバー,ライブ,杉田,-,,"特定技能の冷蔵冷凍車ドライバー受け入れ企業向け
""入国前品質教育"" で事故・クレームを防ぐ実践ポイント",,,,,,,,,,,,,,,,,,02/24(火),02/24(火),,,
Sem36,03/17(火),13:30-14:00,打診中,業界特化,ドライバー,ライブ,杉田,-,,,,,,,,,,,,,,,,,,,,03/03(火),03/03(火),,,
Sem37,03/24(火),13:30-14:00,打診中,業界特化,ドライバー,ライブ,杉田,-,,,,,,,,,,,,,,,,,,,,03/10(火),03/10(火),,,
Sem38,03/31(火),13:30-14:00,打診中,業界特化,ドライバー,ライブ,杉田,-,,,,,,,,,,,,,,,,,,,,03/17(火),03/17(火),,,