Title,URL
"【2025年版】外国人採用の注意点｜ 成功のためのポイントと手順を徹底解説",https://gaikoku-jinzai.tcj-education.com/posts/points_to_note
外国人採用担当者必見！人事が知るべき「日本語の検定試験」,https://gaikoku-jinzai.tcj-education.com/posts/japanese_lang_skills2
外国人材が会社に期待するサポートとは｜定着率向上のための具体策,https://gaikoku-jinzai.tcj-education.com/posts/improve_the_retention_rate
企業の成長を支えるダイバーシティ採用｜外国人採用がもたらす可能性とは ,https://gaikoku-jinzai.tcj-education.com/posts/diversity_recruitment
外国人採用で失敗しないためのリスク管理完全ガイド｜担当者が今すぐやるべき事とは？,https://gaikoku-jinzai.tcj-education.com/posts/risk_managemen
【必読】外国人留学生の採用に伴う在留資格変更手続き完全ガイド,https://gaikoku-jinzai.tcj-education.com/posts/residence_status
多国籍チームの時代へ｜外国人社員が増えると企業文化はどう変化する？,https://gaikoku-jinzai.tcj-education.com/posts/company_culture
外国人介護士のリアル：就労後の教育と直面する課題,https://gaikoku-jinzai.tcj-education.com/posts/nursing_care_training2
企業が知っておくべき！外国人労働者の労働法と在留資格のポイント,https://gaikoku-jinzai.tcj-education.com/posts/labor_law
外国人労働者の労災保険適用ガイド：企業が知っておくべき手続きと給付内容,https://gaikoku-jinzai.tcj-education.com/posts/work_injury_insurance
日本語能力試験（JLPT）だけでは危険！人事が知るべき「日本語力の見極め方」,https://gaikoku-jinzai.tcj-education.com/posts/japanese_lang_skills3
日本企業での「暗黙のルール」とは？外国人社員が直面する課題と対応策,https://gaikoku-jinzai.tcj-education.com/posts/unspoken_rule
在留資格の更新手続き完全ガイド｜必要書類・手順・注意点を徹底解説,https://gaikoku-jinzai.tcj-education.com/posts/residence_status2
【学生インタビュー】海外からの視点で見る、日本の就職活動とは？,https://gaikoku-jinzai.tcj-education.com/posts/interview
高度専門職の徹底解説｜要件・優遇措置・申請方法を詳しく解説,https://gaikoku-jinzai.tcj-education.com/posts/highly_skilled_professional
初めての外国人材採用ガイド｜メリット・注意点・手続きの流れを徹底解説,https://gaikoku-jinzai.tcj-education.com/posts/recruitment_of_foreign_workers
【徹底比較】世界の働き方とワークライフバランス事情,https://gaikoku-jinzai.tcj-education.com/posts/work_life_balance
海外出身社員が感じる日本企業でのやりがいと壁とは？成功のポイントも解説  ,https://gaikoku-jinzai.tcj-education.com/posts/job_satisfaction
外国人採用＆育成に！人事が知るべきBJTビジネス日本語能力テストとは【前編】,https://gaikoku-jinzai.tcj-education.com/posts/bjt
円安が外国人労働者の採用に及ぼす影響とは？,https://gaikoku-jinzai.tcj-education.com/posts/weak_yen
外国人社員に不可欠な７つの日本語能力とは？BJTビジネス日本語能力テスト【後編】,https://gaikoku-jinzai.tcj-education.com/posts/bjt2
外国人社員が「日本語習得のために必要な時間数」とは,https://gaikoku-jinzai.tcj-education.com/posts/time_to_learn_japanese
【国別比較】ビジネスマナーの違いとは？外国人材と円滑に働くためのポイント,https://gaikoku-jinzai.tcj-education.com/posts/business_manners
ビジネスパーソンが私費で日本語を学ぶ理由を徹底解説,https://gaikoku-jinzai.tcj-education.com/posts/learning_japanese
日本人社員にも必要！外国人材との相互理解を深めるための研修アイデア,https://gaikoku-jinzai.tcj-education.com/posts/workshop_ideas
“なぜ”を伝えると変わる！外国人社員に伝わる“日本のビジネスマナー”の教え方（前編）,https://gaikoku-jinzai.tcj-education.com/posts/business_manners2
第二言語で日本語を学ぶ｜「ハサミ」が鍵！やさしい日本語の実践（前編）,https://gaikoku-jinzai.tcj-education.com/posts/second_language
外国人社員とのコミュニケーションの鍵「ワセダ」とは？｜やさしい日本語の実践（後編）,https://gaikoku-jinzai.tcj-education.com/posts/communication
“なぜ”を伝えると変わる！外国人社員に伝わる“日本のビジネスマナー”の教え方（後編）,https://gaikoku-jinzai.tcj-education.com/posts/business_manners3
なぜ今、日本語教師が国家資格に？ー登録日本語教員制度の背景と意義ー,https://gaikoku-jinzai.tcj-education.com/posts/japanese_language_teacher
外国人社員と円滑に働くために①｜日本人社員が現場で使える厳選フレーズ5選,https://gaikoku-jinzai.tcj-education.com/posts/communication2
外国人社員と円滑に働くために②｜新人研修で教えたい厳選フレーズ5選,https://gaikoku-jinzai.tcj-education.com/posts/communication3
"外国人スタッフが戦力になる職場とは？ 採用＆育成のポイント～建設業編～",https://gaikoku-jinzai.tcj-education.com/posts/construction_industry1
特定技能編｜外国人材採用のコツを知ろう！履歴書・面接で見るべきポイントとは？,https://gaikoku-jinzai.tcj-education.com/posts/resume
"外国人スタッフが戦力になる職場とは？ 採用＆育成のポイント～製造業編～",https://gaikoku-jinzai.tcj-education.com/posts/manufacturing_industry1
多国籍チームにありがちなトラブルとその回避策5選,https://gaikoku-jinzai.tcj-education.com/posts/multinational_team
外国人介護士の適性を見抜く質問集｜日本語力より大切な5つの資質とは？,https://gaikoku-jinzai.tcj-education.com/posts/nursing_care1
日本の常識が通じない？外国人社員の「上司観」「報連相」の捉え方,https://gaikoku-jinzai.tcj-education.com/posts/workplace_communication
実践！「伝わる日本語」で指示を出すための言い換え表現集,https://gaikoku-jinzai.tcj-education.com/posts/clear_japanese
文化による「時間感覚」の違いとチーム作りのポイント,https://gaikoku-jinzai.tcj-education.com/posts/sense_of_time
外国人社員向けOJTで気をつけたい5つのポイント,https://gaikoku-jinzai.tcj-education.com/posts/ojt_method
採用後の「言葉の壁」を解決！特定技能向け日本語研修、無料モニター企業を募集しています,https://gaikoku-jinzai.tcj-education.com/posts/mhcryih6
※好評につき追加開催【モニター募集！！】TCJグローバルによる外国人材向け日本語教育の導入を実現する実証事業について、徹底解説します。（※当事業は、文部科学省「認定日本語教育機関活用促進事業」の一貫で取り組んでおります）,https://gaikoku-jinzai.tcj-education.com/posts/sem08
外国人雇用の注意点と採用までのステップを解説！,https://gaikoku-jinzai.tcj-education.com/posts/precautions_steps-to-adoption
外国人労働者雇用の最新動向と課題 ,https://gaikoku-jinzai.tcj-education.com/posts/status_and_issues_hiring_foreigner
外国人材定着に向けたコミュニケーション課題の解決方法とは？,https://gaikoku-jinzai.tcj-education.com/posts/solving_communication_issues
外国人留学生アルバイトを雇用する際の注意点を徹底解説,https://gaikoku-jinzai.tcj-education.com/posts/parttimework_for_international_students
ベトナム人材を採用するなら知っておきたい！文化、特徴、採用のポイントを解説,https://gaikoku-jinzai.tcj-education.com/posts/vietnamese_personnel
外国人材に伝わる！「やさしい日本語」でのコミュニケーション術,https://gaikoku-jinzai.tcj-education.com/posts/simple_japanese
【25年1月最新】特定技能制度：16分野と受入れ状況のまとめ,https://gaikoku-jinzai.tcj-education.com/posts/specified_skilled_worker
中国人材を採用するなら知っておきたい！文化、特徴、採用のポイントを解説,https://gaikoku-jinzai.tcj-education.com/posts/chinese_personnel
在留資格「技術・人文知識・国際業務（技人国）」を徹底解説,https://gaikoku-jinzai.tcj-education.com/posts/esi
"【TCJ Recruitment】日本語教育機関による外国人材紹介サービスについて　",https://gaikoku-jinzai.tcj-education.com/posts/tcj_recruitment
【2025年最新版】外国人採用の日本語能力ガイド｜失敗しないレベルの見極め方から面接、育成まで,https://gaikoku-jinzai.tcj-education.com/posts/japanese_lang_skills
在留資格「特定活動46号」を徹底解説。「技術・人文知識・国際業務（技人国）」との違いとは？,https://gaikoku-jinzai.tcj-education.com/posts/designated-activities-46
外国人材が困惑する日本のビジネスマナー,https://gaikoku-jinzai.tcj-education.com/posts/business_etiquette
外国人社員の日本語力問題！「話す」力の伸ばし方,https://gaikoku-jinzai.tcj-education.com/posts/japanese_speaking
留学生アルバイトの採用方法｜成功のポイントと注意点を徹底解説,https://gaikoku-jinzai.tcj-education.com/posts/foreign_parttime_worker
【フィリピン人介護士】受け入れ施設での就労前に受ける教育・研修を解説,https://gaikoku-jinzai.tcj-education.com/posts/nursing_care_training
"外国人スタッフが戦力になる職場とは？ 採用＆育成のポイント～接客業編～",https://gaikoku-jinzai.tcj-education.com/posts/training_customer_service_staff
外国人社員の日本語力問題！「書く」力の伸ばし方,https://gaikoku-jinzai.tcj-education.com/posts/japanese_writing
外国人採用のための求人票の作り方＜基礎編＞｜ポイント・注意点を解説,https://gaikoku-jinzai.tcj-education.com/posts/job_posting
外国人採用のための求人票の作り方＜応用編＞｜具体例と作成手順を解説,https://gaikoku-jinzai.tcj-education.com/posts/job_posting2
外国人社員の日本語力問題！「読む」力の伸ばし方,https://gaikoku-jinzai.tcj-education.com/posts/japanese_reading
"外国人スタッフが戦力になる職場とは？ 採用＆育成のポイント～エンジニア編～  ",https://gaikoku-jinzai.tcj-education.com/posts/engineer
人材派遣・人材紹介のメリットとデメリットを解説！企業の人材戦略に最適な選択とは？,https://gaikoku-jinzai.tcj-education.com/posts/staffing
【完全ガイド】外国人材のキャリアパス｜成功へ導く企業の支援と定着戦略,https://gaikoku-jinzai.tcj-education.com/posts/career_path
「不法就労」はこう防ぐ！外国人採用における在留資格確認の全手順,https://gaikoku-jinzai.tcj-education.com/posts/confirmation_of_residence_status
外国人社員の日本語力問題！「聞く」力の伸ばし方,https://gaikoku-jinzai.tcj-education.com/posts/japanese_listening
効果的な外国人募集の方法｜成功するためのポイントと手法,https://gaikoku-jinzai.tcj-education.com/posts/recruit_foreign_talent
フィリピン人介護人材の採用ガイド｜特徴・メリットから必須手続きまで徹底解説,https://gaikoku-jinzai.tcj-education.com/posts/filipino_personnel
日本語能力試験（JLPT）の概要と実際の候補者スキル,https://gaikoku-jinzai.tcj-education.com/posts/jlpt
応募書類から読み取る外国人材の日本語能力,https://gaikoku-jinzai.tcj-education.com/posts/application_document
介護業界での外国人材採用ガイド【前編：EPA・在留資格「介護」徹底解説】,https://gaikoku-jinzai.tcj-education.com/posts/elderly_care_industry1
介護業界での外国人材採用ガイド【後編：特定技能・技能実習徹底解説】,https://gaikoku-jinzai.tcj-education.com/posts/elderly_care_industry2
採用コストを抑えて優秀な外国人材を確保！成功企業の工夫とは？,https://gaikoku-jinzai.tcj-education.com/posts/recruitment_cost
"外国人スタッフが戦力になる職場とは？ 採用＆育成のポイント～介護業編～",https://gaikoku-jinzai.tcj-education.com/posts/nursing_care
ネパール人材を採用するなら知っておきたい！文化、特徴、採用のポイントを解説,https://gaikoku-jinzai.tcj-education.com/posts/nepali_personnel
外国人オンボーディング成功の鍵は「経営・人事・現場」の連携にあり！組織の溝を埋めるポイントと手順,https://gaikoku-jinzai.tcj-education.com/posts/onboarding
外国人材が重視する雇用条件：成功する採用戦略とは,https://gaikoku-jinzai.tcj-education.com/posts/employment_terms
"無料ウェビナー【現場教育担当 必見！】外国人材とのコミュニケーション術　～コツは「口に出して伝えること」～",https://gaikoku-jinzai.tcj-education.com/posts/sem10
【2026年最新】外国人材紹介会社おすすめ5選｜絶対に失敗しない選び方と比較ポイントを徹底解説,https://gaikoku-jinzai.tcj-education.com/posts/2025_foreign-human-resources
建築業の外国人材採用、なぜ失敗する？「現場で通じない」を防ぐ日本語評価すすめ,https://gaikoku-jinzai.tcj-education.com/posts/architecture
