Query,Page,Clicks,Impressions,CTR,Position
日本語習得 時間,https://gaikoku-jinzai.tcj-education.com/posts/time_to_learn_japanese,2,57,3.51%,1.70
ネパール人材 特徴,https://gaikoku-jinzai.tcj-education.com/posts/nepali_personnel,1,37,2.70%,25.76
外国人採用 リスク管理,https://gaikoku-jinzai.tcj-education.com/posts/risk_managemen,1,88,1.14%,2.69
日本語 習得 時間,https://gaikoku-jinzai.tcj-education.com/posts/time_to_learn_japanese,1,43,2.33%,1.91
"""技能実習生"" ""労災保険"" 厚生労働省",https://gaikoku-jinzai.tcj-education.com/posts/work_injury_insurance,0,3,0.00%,11.00
8時間労働 日本だけ,https://gaikoku-jinzai.tcj-education.com/posts/work_life_balance,0,1,0.00%,1.00
bjt jlpt 換算,https://gaikoku-jinzai.tcj-education.com/posts/bjt2,0,1,0.00%,2.00
epa日本語教師 倍率,https://gaikoku-jinzai.tcj-education.com/seminar/sem06,0,1,0.00%,8.00
international ojt,https://gaikoku-jinzai.tcj-education.com/posts/ojt_method,0,2,0.00%,24.50
jlpt,https://gaikoku-jinzai.tcj-education.com/posts/japanese_lang_skills,0,1,0.00%,1.00
jlpt n3 レベル,https://gaikoku-jinzai.tcj-education.com/posts/time_to_learn_japanese,0,1,0.00%,1.00
jlpt n3 時間,https://gaikoku-jinzai.tcj-education.com/posts/time_to_learn_japanese,0,2,0.00%,1.50
jlpt とは,https://gaikoku-jinzai.tcj-education.com/posts/JLPT,0,4,0.00%,1.00
jlpt ビジネスレベル,https://gaikoku-jinzai.tcj-education.com/posts/japanese_lang_skills,0,40,0.00%,21.52
jlpt レベル,https://gaikoku-jinzai.tcj-education.com/posts/japanese_lang_skills,0,13,0.00%,1.00
jlpt 合格点,https://gaikoku-jinzai.tcj-education.com/posts/japanese_lang_skills,0,1,0.00%,1.00
jlpt 学習 時間 目安,https://gaikoku-jinzai.tcj-education.com/posts/time_to_learn_japanese,0,19,0.00%,7.53
jlpt 学習時間 目安,https://gaikoku-jinzai.tcj-education.com/posts/time_to_learn_japanese,0,12,0.00%,6.17
jlpt 意味,https://gaikoku-jinzai.tcj-education.com/posts/JLPT,0,1,0.00%,1.00
jlpt 満点,https://gaikoku-jinzai.tcj-education.com/posts/japanese_lang_skills,0,2,0.00%,1.00
jlptとは,https://gaikoku-jinzai.tcj-education.com/posts/JLPT,0,14,0.00%,1.00
jlptとは,https://gaikoku-jinzai.tcj-education.com/posts/japanese_lang_skills,0,1,0.00%,1.00
jlptとは 簡単に,https://gaikoku-jinzai.tcj-education.com/posts/jlpt,0,1,0.00%,1.00
jlptとは？,https://gaikoku-jinzai.tcj-education.com/posts/JLPT,0,1,0.00%,1.00
jlptレベル,https://gaikoku-jinzai.tcj-education.com/posts/japanese_lang_skills,0,4,0.00%,1.00
jpt jlpt,https://gaikoku-jinzai.tcj-education.com/posts/japanese_lang_skills,0,1,0.00%,1.00
kashikomarimashita,https://gaikoku-jinzai.tcj-education.com/posts/clear_japanese,0,1,0.00%,11.00
kotoba n3,https://gaikoku-jinzai.tcj-education.com/posts/time_to_learn_japanese,0,1,0.00%,4.00
level,https://gaikoku-jinzai.tcj-education.com/posts/time_to_learn_japanese,0,1,0.00%,4.00
n1 勉強時間,https://gaikoku-jinzai.tcj-education.com/posts/time_to_learn_japanese,0,3,0.00%,6.67
n2 勉強時間,https://gaikoku-jinzai.tcj-education.com/posts/time_to_learn_japanese,0,13,0.00%,4.08
n2 日本語 レベル,https://gaikoku-jinzai.tcj-education.com/posts/time_to_learn_japanese,0,2,0.00%,1.00
n3 勉強時間,https://gaikoku-jinzai.tcj-education.com/posts/time_to_learn_japanese,0,11,0.00%,3.45
n3 日本語 レベル,https://gaikoku-jinzai.tcj-education.com/posts/time_to_learn_japanese,0,1,0.00%,1.00
n3 時間,https://gaikoku-jinzai.tcj-education.com/posts/time_to_learn_japanese,0,1,0.00%,9.00
n3レベル,https://gaikoku-jinzai.tcj-education.com/posts/time_to_learn_japanese,0,1,0.00%,11.00
n4 japanese,https://gaikoku-jinzai.tcj-education.com/posts/time_to_learn_japanese,0,1,0.00%,1.00
n4 日本語レベル,https://gaikoku-jinzai.tcj-education.com/posts/time_to_learn_japanese,0,1,0.00%,1.00
n4レベルとは,https://gaikoku-jinzai.tcj-education.com/posts/time_to_learn_japanese,0,3,0.00%,1.00
n5 日本語,https://gaikoku-jinzai.tcj-education.com/posts/time_to_learn_japanese,0,1,0.00%,1.00
nihongo nouryoku shiken,https://gaikoku-jinzai.tcj-education.com/posts/japanese_lang_skills,0,5,0.00%,1.00
ojt abroad,https://gaikoku-jinzai.tcj-education.com/posts/ojt_method,0,1,0.00%,14.00
ojt 日本語,https://gaikoku-jinzai.tcj-education.com/posts/ojt_method,0,3,0.00%,16.67
on business for business 違い,https://gaikoku-jinzai.tcj-education.com/posts/Business_manners,0,1,0.00%,48.00
site:tcj-education.com,https://gaikoku-jinzai.tcj-education.com/,0,1,0.00%,9.00
tcj,https://gaikoku-jinzai.tcj-education.com/,0,2,0.00%,11.00
tcjグローバル,https://gaikoku-jinzai.tcj-education.com/,0,2,0.00%,10.00
tokutei zairyu card,https://gaikoku-jinzai.tcj-education.com/posts/zairyu-shikaku,0,1,0.00%,11.00
いいかな 言い換え,https://gaikoku-jinzai.tcj-education.com/posts/clear_japanese,0,1,0.00%,1.00
こそあど言葉 言い換え,https://gaikoku-jinzai.tcj-education.com/posts/clear_japanese,0,2,0.00%,13.00
するとなると 言い換え,https://gaikoku-jinzai.tcj-education.com/posts/clear_japanese,0,1,0.00%,11.00
なぜベトナム人は日本に来るのか,https://gaikoku-jinzai.tcj-education.com/posts/vietnamese_personnel,0,1,0.00%,1.00
やってください 言い換え,https://gaikoku-jinzai.tcj-education.com/posts/clear_japanese,0,1,0.00%,1.00
アメリカ 労働時間,https://gaikoku-jinzai.tcj-education.com/posts/work_life_balance,0,1,0.00%,1.00
アメリカの暮らしの様子,https://gaikoku-jinzai.tcj-education.com/posts/work_life_balance,0,1,0.00%,3.00
オンボーディング プログラム 設計 事例 フレームワーク,https://gaikoku-jinzai.tcj-education.com/posts/onboarding,0,6,0.00%,23.17
グローバル企業 働き方 ワークライフバランス 残業 リモートワーク 休暇 実態,https://gaikoku-jinzai.tcj-education.com/posts/work_life_balance,0,1,0.00%,8.00
クールジャパン 高度専門職,https://gaikoku-jinzai.tcj-education.com/posts/highly_skilled_professional,0,7,0.00%,52.71
コミュニケーション 日本 語 言い換え,https://gaikoku-jinzai.tcj-education.com/posts/clear_japanese,0,17,0.00%,9.00
コミュニケーション 日本語 言い換え,https://gaikoku-jinzai.tcj-education.com/posts/clear_japanese,0,13,0.00%,10.23
トヨタ 外国人労働者 割合,https://gaikoku-jinzai.tcj-education.com/posts/status_and_issues_hiring_foreigner,0,1,0.00%,14.00
ビザ更新,https://gaikoku-jinzai.tcj-education.com/posts/zairyu-shikaku,0,2,0.00%,1.00
ビジネス日本語 外国人向け,https://gaikoku-jinzai.tcj-education.com/posts/japanese_lang_skills,0,3,0.00%,1.33
フィリピン 介護,https://gaikoku-jinzai.tcj-education.com/posts/filipino_personnel,0,5,0.00%,1.20
フィリピン 介護,https://gaikoku-jinzai.tcj-education.com/posts/nursing_care_training,0,1,0.00%,25.00
フィリピン 介護 人材,https://gaikoku-jinzai.tcj-education.com/posts/filipino_personnel,0,34,0.00%,9.29
フィリピン 介護 人材,https://gaikoku-jinzai.tcj-education.com/posts/nursing_care_training,0,31,0.00%,45.00
フィリピン 介護士,https://gaikoku-jinzai.tcj-education.com/posts/filipino_personnel,0,2,0.00%,42.00
フィリピン 介護士,https://gaikoku-jinzai.tcj-education.com/posts/nursing_care_training,0,8,0.00%,6.25
フィリピン 介護士 問題,https://gaikoku-jinzai.tcj-education.com/posts/nursing_care_training,0,1,0.00%,17.00
フィリピン 介護福祉士,https://gaikoku-jinzai.tcj-education.com/posts/filipino_personnel,0,4,0.00%,1.00
フィリピン 介護福祉士,https://gaikoku-jinzai.tcj-education.com/posts/nursing_care_training,0,7,0.00%,12.14
フィリピン 特定技能 介護,https://gaikoku-jinzai.tcj-education.com/posts/filipino_personnel,0,2,0.00%,25.50
フィリピン 特定技能 介護,https://gaikoku-jinzai.tcj-education.com/posts/nursing_care_training,0,6,0.00%,26.17
フィリピン人 介護 採用,https://gaikoku-jinzai.tcj-education.com/posts/filipino_personnel,0,5,0.00%,6.20
フィリピン人 介護 採用,https://gaikoku-jinzai.tcj-education.com/posts/nursing_care_training,0,3,0.00%,54.00
フィリピン人 介護士,https://gaikoku-jinzai.tcj-education.com/posts/filipino_personnel,0,15,0.00%,25.73
フィリピン人 介護士,https://gaikoku-jinzai.tcj-education.com/posts/nursing_care_training,0,59,0.00%,18.12
フィリピン人材 特徴,https://gaikoku-jinzai.tcj-education.com/posts/Filipino_personnel,0,8,0.00%,37.62
フィリピン人材 特徴,https://gaikoku-jinzai.tcj-education.com/posts/filipino_personnel,0,10,0.00%,46.80
フィンランド 働き方 特徴,https://gaikoku-jinzai.tcj-education.com/posts/work_life_balance,0,1,0.00%,1.00
フランス 日本 比較,https://gaikoku-jinzai.tcj-education.com/posts/work_life_balance,0,1,0.00%,1.00
プライベート 日本語 言い換え,https://gaikoku-jinzai.tcj-education.com/posts/clear_japanese,0,1,0.00%,13.00
プログラマ 採用コスト,https://gaikoku-jinzai.tcj-education.com/posts/recruitment_cost,0,1,0.00%,36.00
ベトナム 中国人,https://gaikoku-jinzai.tcj-education.com/posts/vietnamese_personnel,0,1,0.00%,1.00
ベトナム 平均年齢,https://gaikoku-jinzai.tcj-education.com/posts/vietnamese_personnel,0,3,0.00%,1.00
ベトナム 技能実習生 なぜ多い,https://gaikoku-jinzai.tcj-education.com/posts/vietnamese_personnel,0,1,0.00%,1.00
ベトナム 親日,https://gaikoku-jinzai.tcj-education.com/posts/vietnamese_personnel,0,2,0.00%,1.00
ベトナム人 性格,https://gaikoku-jinzai.tcj-education.com/posts/vietnamese_personnel,0,1,0.00%,1.00
ベトナム人 日本で働く理由,https://gaikoku-jinzai.tcj-education.com/posts/vietnamese_personnel,0,1,0.00%,95.00
ベトナム人 留学生 採用,https://gaikoku-jinzai.tcj-education.com/posts/vietnamese_personnel,0,2,0.00%,60.50
ベトナム人採用,https://gaikoku-jinzai.tcj-education.com/posts/vietnamese_personnel,0,5,0.00%,1.00
ベトナム人採用 注意点,https://gaikoku-jinzai.tcj-education.com/posts/vietnamese_personnel,0,1,0.00%,79.00
レベル,https://gaikoku-jinzai.tcj-education.com/posts/time_to_learn_japanese,0,3,0.00%,3.00
レベル とは,https://gaikoku-jinzai.tcj-education.com/posts/time_to_learn_japanese,0,2,0.00%,2.00
レベル 和訳,https://gaikoku-jinzai.tcj-education.com/posts/time_to_learn_japanese,0,1,0.00%,2.00
レベル 日本 語 言い換え,https://gaikoku-jinzai.tcj-education.com/posts/time_to_learn_japanese,0,1,0.00%,3.00
レベル 日本語,https://gaikoku-jinzai.tcj-education.com/posts/time_to_learn_japanese,0,33,0.00%,1.15
レベル 日本語で,https://gaikoku-jinzai.tcj-education.com/posts/time_to_learn_japanese,0,5,0.00%,1.00
レベルとは,https://gaikoku-jinzai.tcj-education.com/posts/time_to_learn_japanese,0,8,0.00%,2.00
レベルを日本語で,https://gaikoku-jinzai.tcj-education.com/posts/time_to_learn_japanese,0,2,0.00%,1.00
レベル日本語,https://gaikoku-jinzai.tcj-education.com/posts/time_to_learn_japanese,0,5,0.00%,1.00
レベル日本語で,https://gaikoku-jinzai.tcj-education.com/posts/time_to_learn_japanese,0,3,0.00%,1.00
ワーク ライフ バランス 国際比較,https://gaikoku-jinzai.tcj-education.com/posts/work_life_balance,0,1,0.00%,2.00
ワークライフバランス 世界,https://gaikoku-jinzai.tcj-education.com/posts/work_life_balance,0,1,0.00%,6.00
ワークライフバランス 国別,https://gaikoku-jinzai.tcj-education.com/posts/work_life_balance,0,24,0.00%,59.75
ワークライフバランス 海外,https://gaikoku-jinzai.tcj-education.com/posts/work_life_balance,0,2,0.00%,6.50
不法就労助長罪 リスク,https://gaikoku-jinzai.tcj-education.com/seminar/sem31?utm_source=facebook&utm_medium=social&utm_campaign=TCJ_Global_FB&utm_id=120223304946500449_v2_s05_e7455&utm_content=120237054937990449&utm_term=120235751090380449&fbclid=IwY2xjawPxPlhleHRuA2FlbQEwAGFkaWQBqyr27iLQMXNydGMGYXBwX2lkEDIyMjAzOTE3ODgyMDA4OTIAAR4n_MM4HzdCkvF3L4nynszvSRxFIxwJ55KZAoBfCh_7VTgWUkhhoK-x2lHaPw_aem_0xVj15Bqrp9ZLz-tSubBqA,0,3,0.00%,64.33
世界の働き方,https://gaikoku-jinzai.tcj-education.com/posts/work_life_balance,0,5,0.00%,7.60
世界の働き方が ゆるい,https://gaikoku-jinzai.tcj-education.com/posts/work_life_balance,0,1,0.00%,36.00
中国 アルバイト,https://gaikoku-jinzai.tcj-education.com/posts/chinese_personnel,0,1,0.00%,1.00
中国 仕事 日本人,https://gaikoku-jinzai.tcj-education.com/posts/chinese_personnel,0,1,0.00%,1.00
中国 最低賃金 時給,https://gaikoku-jinzai.tcj-education.com/posts/chinese_personnel,0,1,0.00%,1.00
中国の時給,https://gaikoku-jinzai.tcj-education.com/posts/chinese_personnel,0,2,0.00%,1.00
中国人 仕事 特徴,https://gaikoku-jinzai.tcj-education.com/posts/chinese_personnel,0,1,0.00%,22.00
中国人 就職,https://gaikoku-jinzai.tcj-education.com/posts/chinese_personnel,0,1,0.00%,1.00
中国人 採用,https://gaikoku-jinzai.tcj-education.com/posts/chinese_personnel,0,12,0.00%,72.17
中国人 日本 就職 なぜ,https://gaikoku-jinzai.tcj-education.com/posts/chinese_personnel,0,1,0.00%,15.00
中国人 日本で働く理由,https://gaikoku-jinzai.tcj-education.com/posts/chinese_personnel,0,7,0.00%,12.71
中国人 特徴,https://gaikoku-jinzai.tcj-education.com/posts/chinese_personnel,0,1,0.00%,1.00
中国人 留学生 採用,https://gaikoku-jinzai.tcj-education.com/posts/chinese_personnel,0,9,0.00%,76.89
中国人 目 特徴,https://gaikoku-jinzai.tcj-education.com/posts/chinese_personnel,0,1,0.00%,1.00
中国人が日本で働く理由,https://gaikoku-jinzai.tcj-education.com/posts/chinese_personnel,0,3,0.00%,7.33
中国人の給料,https://gaikoku-jinzai.tcj-education.com/posts/chinese_personnel,0,4,0.00%,1.00
中国人労働者,https://gaikoku-jinzai.tcj-education.com/posts/chinese_personnel,0,1,0.00%,21.00
中国人労働者 問題,https://gaikoku-jinzai.tcj-education.com/posts/chinese_personnel,0,2,0.00%,1.00
中国人労働者 多い 理由,https://gaikoku-jinzai.tcj-education.com/posts/chinese_personnel,0,5,0.00%,8.00
中国人平均收入,https://gaikoku-jinzai.tcj-education.com/posts/chinese_personnel,0,1,0.00%,1.00
中国人採用 注意点,https://gaikoku-jinzai.tcj-education.com/posts/chinese_personnel,0,1,0.00%,23.00
中国文化 特徴,https://gaikoku-jinzai.tcj-education.com/posts/chinese_personnel,0,1,0.00%,36.00
介護 フィリピン,https://gaikoku-jinzai.tcj-education.com/posts/nursing_care_training,0,1,0.00%,12.00
介護 人材 外国人,https://gaikoku-jinzai.tcj-education.com/posts/nursing_care1,0,1,0.00%,1.00
介護 外国人 指導 資格,https://gaikoku-jinzai.tcj-education.com/posts/nursing_care1,0,1,0.00%,1.00
介護 採用 難しい 外国人,https://gaikoku-jinzai.tcj-education.com/posts/nursing_care1,0,13,0.00%,61.31
介護 面接 質問,https://gaikoku-jinzai.tcj-education.com/posts/nursing_care1,0,1,0.00%,73.00
介護人材 外国人,https://gaikoku-jinzai.tcj-education.com/posts/nursing_care1,0,2,0.00%,1.00
介護職,https://gaikoku-jinzai.tcj-education.com/posts/nursing_care1,0,1,0.00%,1.00
他国の働き方,https://gaikoku-jinzai.tcj-education.com/posts/work_life_balance,0,1,0.00%,3.00
他国の働き方 例,https://gaikoku-jinzai.tcj-education.com/posts/work_life_balance,0,1,0.00%,8.00
会社から労災申請,https://gaikoku-jinzai.tcj-education.com/posts/work_injury_insurance,0,3,0.00%,1.00
働き方 違い 海外,https://gaikoku-jinzai.tcj-education.com/posts/work_life_balance,0,28,0.00%,56.29
働き方改革 外国人労働者,https://gaikoku-jinzai.tcj-education.com/posts/status_and_issues_hiring_foreigner,0,1,0.00%,100.00
働き方改革 対策,https://gaikoku-jinzai.tcj-education.com/posts/work_life_balance,0,1,0.00%,1.00
優秀 外国人 採用,https://gaikoku-jinzai.tcj-education.com/posts/recruitment_cost,0,53,0.00%,13.96
優秀 外国人 見極め,https://gaikoku-jinzai.tcj-education.com/posts/japanese_lang_skills,0,23,0.00%,57.13
出張中の事故 労災,https://gaikoku-jinzai.tcj-education.com/posts/work_injury_insurance,0,1,0.00%,1.00
労働時間が短い国,https://gaikoku-jinzai.tcj-education.com/posts/work_life_balance,0,3,0.00%,1.00
労務災害保険,https://gaikoku-jinzai.tcj-education.com/posts/work_injury_insurance,0,2,0.00%,1.00
労災,https://gaikoku-jinzai.tcj-education.com/posts/work_injury_insurance,0,3,0.00%,1.00
労災 外国人,https://gaikoku-jinzai.tcj-education.com/posts/work_injury_insurance,0,8,0.00%,2.50
労災 条件 パート,https://gaikoku-jinzai.tcj-education.com/posts/work_injury_insurance,0,1,0.00%,1.00
労災 虚偽申請,https://gaikoku-jinzai.tcj-education.com/posts/work_injury_insurance,0,1,0.00%,1.00
労災 被保険者,https://gaikoku-jinzai.tcj-education.com/posts/work_injury_insurance,0,2,0.00%,1.00
労災 適用,https://gaikoku-jinzai.tcj-education.com/posts/work_injury_insurance,0,1,0.00%,1.00
労災の範囲,https://gaikoku-jinzai.tcj-education.com/posts/work_injury_insurance,0,2,0.00%,1.00
労災の適用範囲,https://gaikoku-jinzai.tcj-education.com/posts/work_injury_insurance,0,1,0.00%,1.00
労災を使うと,https://gaikoku-jinzai.tcj-education.com/posts/work_injury_insurance,0,2,0.00%,1.00
労災保険,https://gaikoku-jinzai.tcj-education.com/posts/work_injury_insurance,0,2,0.00%,1.00
労災保険 従業員,https://gaikoku-jinzai.tcj-education.com/posts/work_injury_insurance,0,4,0.00%,1.00
労災保険 相談窓口,https://gaikoku-jinzai.tcj-education.com/posts/work_injury_insurance,0,1,0.00%,1.00
労災保険 適用,https://gaikoku-jinzai.tcj-education.com/posts/work_injury_insurance,0,1,0.00%,1.00
厚生労働省 技能実習生 労災保険 適用,https://gaikoku-jinzai.tcj-education.com/posts/work_injury_insurance,0,28,0.00%,9.21
在留,https://gaikoku-jinzai.tcj-education.com/posts/zairyu-shikaku,0,1,0.00%,1.00
在留カード 偽造 見分け方 法務省,https://gaikoku-jinzai.tcj-education.com/posts/confirmation_of_residence_status,0,1,0.00%,3.00
在留カード 更新 書類,https://gaikoku-jinzai.tcj-education.com/posts/zairyu-shikaku,0,1,0.00%,4.00
在留カード 有効 確認,https://gaikoku-jinzai.tcj-education.com/posts/confirmation_of_residence_status,0,1,0.00%,3.00
在留カード更新,https://gaikoku-jinzai.tcj-education.com/posts/zairyu-shikaku,0,1,0.00%,4.00
在留資格 更新,https://gaikoku-jinzai.tcj-education.com/posts/zairyu-shikaku,0,3,0.00%,59.67
在留資格 確認,https://gaikoku-jinzai.tcj-education.com/posts/confirmation_of_residence_status,0,14,0.00%,4.50
在留資格の確認,https://gaikoku-jinzai.tcj-education.com/posts/confirmation_of_residence_status,0,1,0.00%,1.00
在留資格更新 必要書類,https://gaikoku-jinzai.tcj-education.com/posts/zairyu-shikaku,0,1,0.00%,11.00
在留資格確認,https://gaikoku-jinzai.tcj-education.com/posts/confirmation_of_residence_status,0,20,0.00%,4.50
外人労働者,https://gaikoku-jinzai.tcj-education.com/posts/work_injury_insurance,0,1,0.00%,1.00
外国 人 の アルバイト,https://gaikoku-jinzai.tcj-education.com/posts/parttimework_for_international_students,0,1,0.00%,86.00
外国 人 労働 者 労災,https://gaikoku-jinzai.tcj-education.com/posts/work_injury_insurance,0,3,0.00%,11.00
外国 人 採用 日本 語 能力,https://gaikoku-jinzai.tcj-education.com/posts/japanese_lang_skills,0,3,0.00%,1.00
外国 働き方,https://gaikoku-jinzai.tcj-education.com/posts/work_life_balance,0,1,0.00%,1.00
外国人 アルバイト 採用,https://gaikoku-jinzai.tcj-education.com/posts/parttimework_for_international_students,0,4,0.00%,29.25
外国人 アルバイト 採用 注意点,https://gaikoku-jinzai.tcj-education.com/posts/parttimework_for_international_students,0,18,0.00%,45.61
外国人 アルバイト採用,https://gaikoku-jinzai.tcj-education.com/posts/parttimework_for_international_students,0,38,0.00%,33.66
外国人 オンボーディング,https://gaikoku-jinzai.tcj-education.com/download/material/recruitment02,0,13,0.00%,49.77
外国人 オンボーディング,https://gaikoku-jinzai.tcj-education.com/posts/onboarding,0,76,0.00%,5.17
外国人 コミュニケーション フレーズ,https://gaikoku-jinzai.tcj-education.com/posts/communication2,0,4,0.00%,54.50
外国人 サービス業,https://gaikoku-jinzai.tcj-education.com/posts/training_customer_service_staff,0,1,0.00%,25.00
外国人 ビザ 重要,https://gaikoku-jinzai.tcj-education.com/tags/visa,0,2,0.00%,90.00
外国人 ビジネスマナー 比較,https://gaikoku-jinzai.tcj-education.com/posts/Business_manners,0,38,0.00%,10.24
外国人 ビジネスマナー 比較,https://gaikoku-jinzai.tcj-education.com/posts/business_manners,0,34,0.00%,7.24
外国人 人権 問題,https://gaikoku-jinzai.tcj-education.com/posts/gaikokujin-jinken-mondai,0,11,0.00%,73.18
外国人 介護 紹介 教育,https://gaikoku-jinzai.tcj-education.com/posts/nursing_care_training,0,2,0.00%,51.00
外国人 労働基準法,https://gaikoku-jinzai.tcj-education.com/posts/work_injury_insurance,0,4,0.00%,1.00
外国人 労災,https://gaikoku-jinzai.tcj-education.com/posts/work_injury_insurance,0,2,0.00%,1.00
外国人 志望動機 見抜く,https://gaikoku-jinzai.tcj-education.com/posts/japanese_lang_skills,0,22,0.00%,18.50
外国人 志望動機 見抜く,https://gaikoku-jinzai.tcj-education.com/posts/risk_managemen,0,1,0.00%,1.00
外国人 採用 コスト,https://gaikoku-jinzai.tcj-education.com/posts/recruitment_cost,0,35,0.00%,52.26
外国人 採用 人柄重視,https://gaikoku-jinzai.tcj-education.com/posts/points_to_note,0,3,0.00%,43.00
外国人 採用 方法 注意点,https://gaikoku-jinzai.tcj-education.com/posts/points_to_note,0,16,0.00%,35.12
外国人 採用 方法 注意点,https://gaikoku-jinzai.tcj-education.com/posts/precautions_steps-to-Adoption,0,18,0.00%,53.22
外国人 採用 注意点,https://gaikoku-jinzai.tcj-education.com/posts/points_to_note,0,2,0.00%,66.50
外国人 採用 課題,https://gaikoku-jinzai.tcj-education.com/posts/status_and_issues_hiring_foreigner,0,24,0.00%,85.83
外国人 日本語レベル,https://gaikoku-jinzai.tcj-education.com/posts/time_to_learn_japanese,0,4,0.00%,3.75
外国人 日本語レベル 見極め,https://gaikoku-jinzai.tcj-education.com/posts/japanese_lang_skills,0,77,0.00%,6.74
外国人 日本語レベル 見極め,https://gaikoku-jinzai.tcj-education.com/posts/japanese_lang_skills3,0,1,0.00%,78.00
外国人 日本語レベル 見極め,https://gaikoku-jinzai.tcj-education.com/posts/time_to_learn_japanese,0,23,0.00%,50.48
外国人 日本語能力,https://gaikoku-jinzai.tcj-education.com/posts/time_to_learn_japanese,0,2,0.00%,1.00
外国人 求人票 ポイント,https://gaikoku-jinzai.tcj-education.com/posts/job_posting2,0,35,0.00%,28.71
外国人 求人票 書き方,https://gaikoku-jinzai.tcj-education.com/posts/job_posting2,0,56,0.00%,15.25
外国人 留学生 アルバイト,https://gaikoku-jinzai.tcj-education.com/posts/parttimework_for_international_students,0,1,0.00%,69.00
外国人 言い換え 丁寧,https://gaikoku-jinzai.tcj-education.com/posts/clear_japanese,0,1,0.00%,19.00
外国人 週28時間,https://gaikoku-jinzai.tcj-education.com/posts/parttimework_for_international_students,0,1,0.00%,64.00
外国人 選考 ポイント,https://gaikoku-jinzai.tcj-education.com/posts/points_to_note,0,10,0.00%,15.80
外国人 雇用 問題,https://gaikoku-jinzai.tcj-education.com/posts/status_and_issues_hiring_foreigner,0,1,0.00%,76.00
外国人 面接 質問,https://gaikoku-jinzai.tcj-education.com/posts/nursing_care1,0,1,0.00%,91.00
外国人の人権問題,https://gaikoku-jinzai.tcj-education.com/posts/gaikokujin-jinken-mondai,0,1,0.00%,92.00
外国人の日本語,https://gaikoku-jinzai.tcj-education.com/posts/time_to_learn_japanese,0,1,0.00%,1.00
外国人アルバイト,https://gaikoku-jinzai.tcj-education.com/posts/parttimework_for_international_students,0,1,0.00%,1.00
外国人アルバイト 雇用,https://gaikoku-jinzai.tcj-education.com/posts/parttimework_for_international_students,0,1,0.00%,81.00
外国人労働時間 28時間,https://gaikoku-jinzai.tcj-education.com/posts/parttimework_for_international_students,0,1,0.00%,1.00
外国人労働者 コミュニケーション問題,https://gaikoku-jinzai.tcj-education.com/posts/solving_communication_issues,0,10,0.00%,28.90
外国人労働者 コミュニケーション問題 データ,https://gaikoku-jinzai.tcj-education.com/posts/solving_communication_issues,0,1,0.00%,93.00
外国人労働者 メリット,https://gaikoku-jinzai.tcj-education.com/posts/status_and_issues_hiring_foreigner,0,1,0.00%,2.00
外国人労働者 労働災害,https://gaikoku-jinzai.tcj-education.com/posts/work_injury_insurance,0,10,0.00%,51.10
外国人労働者 労災,https://gaikoku-jinzai.tcj-education.com/posts/work_injury_insurance,0,4,0.00%,1.25
外国人労働者 労災事故,https://gaikoku-jinzai.tcj-education.com/posts/work_injury_insurance,0,2,0.00%,2.00
外国人労働者 受け入れ 現状,https://gaikoku-jinzai.tcj-education.com/posts/status_and_issues_hiring_foreigner,0,10,0.00%,64.40
外国人労働者 推移 予測,https://gaikoku-jinzai.tcj-education.com/posts/status_and_issues_hiring_foreigner,0,2,0.00%,79.50
外国人労働者 日本人雇用 減少,https://gaikoku-jinzai.tcj-education.com/posts/status_and_issues_hiring_foreigner,0,1,0.00%,35.00
外国人労働者 日本語 レベル,https://gaikoku-jinzai.tcj-education.com/posts/japanese_lang_skills,0,2,0.00%,31.00
外国人労働者 日本語レベル,https://gaikoku-jinzai.tcj-education.com/posts/japanese_lang_skills,0,8,0.00%,18.50
外国人労働者 課題,https://gaikoku-jinzai.tcj-education.com/posts/status_and_issues_hiring_foreigner,0,1,0.00%,85.00
外国人労働者が 増え た こと による 課題,https://gaikoku-jinzai.tcj-education.com/posts/status_and_issues_hiring_foreigner,0,2,0.00%,1.00
外国人労働者が増えると起こる影響,https://gaikoku-jinzai.tcj-education.com/posts/status_and_issues_hiring_foreigner,0,1,0.00%,67.00
外国人労働者の課題,https://gaikoku-jinzai.tcj-education.com/posts/status_and_issues_hiring_foreigner,0,1,0.00%,4.00
外国人労災,https://gaikoku-jinzai.tcj-education.com/posts/work_injury_insurance,0,2,0.00%,1.00
外国人就労,https://gaikoku-jinzai.tcj-education.com/posts/ikusei-shuro-seido,0,1,0.00%,1.00
外国人差別,https://gaikoku-jinzai.tcj-education.com/posts/gaikokujin-jinken-mondai,0,1,0.00%,114.00
外国人技能実習生 労災保険 適用,https://gaikoku-jinzai.tcj-education.com/posts/work_injury_insurance,0,30,0.00%,11.67
外国人技能実習生 労災保険 適用 厚生労働省,https://gaikoku-jinzai.tcj-education.com/posts/work_injury_insurance,0,65,0.00%,11.03
外国人採用 ニュース,https://gaikoku-jinzai.tcj-education.com/posts/status_and_issues_hiring_foreigner,0,2,0.00%,90.50
外国人採用 リスク,https://gaikoku-jinzai.tcj-education.com/posts/risk_managemen,0,3,0.00%,21.33
外国人採用 失敗,https://gaikoku-jinzai.tcj-education.com/posts/risk_managemen,0,29,0.00%,24.62
外国人採用 成功事例,https://gaikoku-jinzai.tcj-education.com/posts/recruitment_cost,0,2,0.00%,60.50
外国人採用 費用,https://gaikoku-jinzai.tcj-education.com/posts/recruitment_cost,0,1,0.00%,91.00
外国人日本語レベル,https://gaikoku-jinzai.tcj-education.com/posts/time_to_learn_japanese,0,1,0.00%,4.00
外国人留学生 アルバイト,https://gaikoku-jinzai.tcj-education.com/posts/parttimework_for_international_students,0,1,0.00%,73.00
外国人留学生 バイト,https://gaikoku-jinzai.tcj-education.com/posts/parttimework_for_international_students,0,2,0.00%,66.00
外国人留学生アルバイト,https://gaikoku-jinzai.tcj-education.com/posts/parttimework_for_international_students,0,4,0.00%,73.00
外国人雇用 アルバイト,https://gaikoku-jinzai.tcj-education.com/posts/parttimework_for_international_students,0,10,0.00%,72.50
外国人雇用 確認事項,https://gaikoku-jinzai.tcj-education.com/posts/confirmation_of_residence_status,0,1,0.00%,38.00
外国人雇用 課題,https://gaikoku-jinzai.tcj-education.com/posts/status_and_issues_hiring_foreigner,0,2,0.00%,69.00
実践 言い換え,https://gaikoku-jinzai.tcj-education.com/posts/clear_japanese,0,2,0.00%,13.00
就職先 jlpt,https://gaikoku-jinzai.tcj-education.com/posts/japanese_lang_skills,0,5,0.00%,10.80
就職先 jlpt level,https://gaikoku-jinzai.tcj-education.com/posts/japanese_lang_skills,0,69,0.00%,9.20
技能実習 育成就労,https://gaikoku-jinzai.tcj-education.com/posts/ikusei-shuro-seido,0,10,0.00%,52.90
技能実習と育成就労の違い,https://gaikoku-jinzai.tcj-education.com/posts/ikusei-shuro-seido,0,1,0.00%,12.00
技能実習制度 廃止 育成就労 施行 いつ,https://gaikoku-jinzai.tcj-education.com/posts/ikusei-shuro-seido,0,1,0.00%,10.00
技能実習制度 育成就労制度,https://gaikoku-jinzai.tcj-education.com/posts/ikusei-shuro-seido,0,1,0.00%,30.00
技能実習制度 育成就労制度 違い,https://gaikoku-jinzai.tcj-education.com/posts/ikusei-shuro-seido,0,3,0.00%,54.67
技能実習生 労災 報告,https://gaikoku-jinzai.tcj-education.com/posts/work_injury_insurance,0,1,0.00%,1.00
技能実習生 労災 臨時監査,https://gaikoku-jinzai.tcj-education.com/posts/work_injury_insurance,0,1,0.00%,1.00
技能実習生 労災保険 厚生労働省,https://gaikoku-jinzai.tcj-education.com/posts/work_injury_insurance,0,2,0.00%,10.00
技能実習生 労災保険 適用,https://gaikoku-jinzai.tcj-education.com/posts/work_injury_insurance,0,2,0.00%,5.50
技能実習生 労災保険 適用 厚生労働省,https://gaikoku-jinzai.tcj-education.com/posts/work_injury_insurance,0,129,0.00%,10.10
技能実習生 平均年齢,https://gaikoku-jinzai.tcj-education.com/posts/status_and_issues_hiring_foreigner,0,1,0.00%,1.00
指示 やわらかい 表現,https://gaikoku-jinzai.tcj-education.com/posts/clear_japanese,0,185,0.00%,4.81
指示 やわらかい 言い方,https://gaikoku-jinzai.tcj-education.com/posts/clear_japanese,0,2,0.00%,1.00
指示 やわらかい表現,https://gaikoku-jinzai.tcj-education.com/posts/clear_japanese,0,8,0.00%,4.50
指示 やわらかい言い方,https://gaikoku-jinzai.tcj-education.com/posts/clear_japanese,0,1,0.00%,1.00
指示 言い換え,https://gaikoku-jinzai.tcj-education.com/posts/clear_japanese,0,2,0.00%,9.00
指示がない 言い換え,https://gaikoku-jinzai.tcj-education.com/posts/clear_japanese,0,1,0.00%,11.00
指示する,https://gaikoku-jinzai.tcj-education.com/posts/clear_japanese,0,5,0.00%,1.00
指示の柔らかい言い方,https://gaikoku-jinzai.tcj-education.com/posts/clear_japanese,0,3,0.00%,4.33
指示を出す 言い換え,https://gaikoku-jinzai.tcj-education.com/posts/clear_japanese,0,6,0.00%,9.00
指示を出す 言い換え ビジネス,https://gaikoku-jinzai.tcj-education.com/posts/clear_japanese,0,4,0.00%,1.00
指示言い換え,https://gaikoku-jinzai.tcj-education.com/posts/clear_japanese,0,1,0.00%,1.00
採用 リスク,https://gaikoku-jinzai.tcj-education.com/posts/risk_managemen,0,2,0.00%,48.50
教鞭を執る 言い換え,https://gaikoku-jinzai.tcj-education.com/posts/clear_japanese,0,1,0.00%,11.00
文化的実践 言い換え,https://gaikoku-jinzai.tcj-education.com/posts/clear_japanese,0,12,0.00%,10.25
文化的背景 言い換え,https://gaikoku-jinzai.tcj-education.com/posts/clear_japanese,0,1,0.00%,14.00
日文要學多久,https://gaikoku-jinzai.tcj-education.com/posts/time_to_learn_japanese,0,1,0.00%,1.00
日本 ビジネスマナー 外国人,https://gaikoku-jinzai.tcj-education.com/posts/business_manners,0,3,0.00%,66.00
日本 ベトナム人 人口,https://gaikoku-jinzai.tcj-education.com/posts/vietnamese_personnel,0,1,0.00%,1.00
日本 外国 人 労働 者,https://gaikoku-jinzai.tcj-education.com/posts/status_and_issues_hiring_foreigner,0,1,0.00%,57.00
日本 多様性 現状,https://gaikoku-jinzai.tcj-education.com/posts/status_and_issues_hiring_foreigner,0,1,0.00%,1.00
日本 技術・人文知識・国際業務 在留期間 2026,https://gaikoku-jinzai.tcj-education.com/posts/zairyu-shikaku,0,8,0.00%,2.38
日本 技術・人文知識・国際業務 在留資格 有効期間 2026,https://gaikoku-jinzai.tcj-education.com/posts/zairyu-shikaku,0,2,0.00%,2.00
日本 育成就労制度 2027,https://gaikoku-jinzai.tcj-education.com/posts/ikusei-shuro-seido,0,1,0.00%,9.00
日本 語 習得 時間,https://gaikoku-jinzai.tcj-education.com/posts/time_to_learn_japanese,0,28,0.00%,5.14
日本で働いている中国人,https://gaikoku-jinzai.tcj-education.com/posts/chinese_personnel,0,5,0.00%,1.00
日本で働く ベトナム人,https://gaikoku-jinzai.tcj-education.com/posts/vietnamese_personnel,0,1,0.00%,1.00
日本で働く中国人 なぜ,https://gaikoku-jinzai.tcj-education.com/posts/chinese_personnel,0,4,0.00%,6.75
日本で活躍するベトナム人,https://gaikoku-jinzai.tcj-education.com/posts/vietnamese_personnel,0,4,0.00%,1.00
日本と 海外 のコミュニケーションの違い 論文,https://gaikoku-jinzai.tcj-education.com/posts/solving_communication_issues,0,2,0.00%,1.50
日本に いる 中国人 特徴,https://gaikoku-jinzai.tcj-education.com/posts/chinese_personnel,0,1,0.00%,21.00
日本にいる外国人労働者,https://gaikoku-jinzai.tcj-education.com/posts/chinese_personnel,0,1,0.00%,1.00
日本に多い外国人,https://gaikoku-jinzai.tcj-education.com/posts/status_and_issues_hiring_foreigner,0,16,0.00%,1.00
日本人 日本語検定,https://gaikoku-jinzai.tcj-education.com/posts/japanese_lang_skills,0,2,0.00%,1.00
日本人 曖昧な表現 外国人,https://gaikoku-jinzai.tcj-education.com/posts/clear_japanese,0,2,0.00%,12.00
日本企業 外国人 雇用,https://gaikoku-jinzai.tcj-education.com/posts/status_and_issues_hiring_foreigner,0,3,0.00%,80.00
日本企業 外国人採用,https://gaikoku-jinzai.tcj-education.com/posts/recruitment_cost,0,4,0.00%,93.50
日本特有の表現,https://gaikoku-jinzai.tcj-education.com/posts/clear_japanese,0,1,0.00%,1.00
日本語,https://gaikoku-jinzai.tcj-education.com/posts/time_to_learn_japanese,0,1,0.00%,6.00
日本語 n3 どの程度,https://gaikoku-jinzai.tcj-education.com/posts/time_to_learn_japanese,0,1,0.00%,1.00
日本語 n3 どれくらい,https://gaikoku-jinzai.tcj-education.com/posts/time_to_learn_japanese,0,12,0.00%,1.00
日本語 レベル,https://gaikoku-jinzai.tcj-education.com/posts/time_to_learn_japanese,0,35,0.00%,1.03
日本語 レベル 表,https://gaikoku-jinzai.tcj-education.com/posts/time_to_learn_japanese,0,17,0.00%,3.65
日本語 勉強し なおす,https://gaikoku-jinzai.tcj-education.com/posts/time_to_learn_japanese,0,1,0.00%,4.00
日本語 外国人 どう聞こえる,https://gaikoku-jinzai.tcj-education.com/posts/japanese_listening,0,1,0.00%,1.00
日本語 習得時間,https://gaikoku-jinzai.tcj-education.com/posts/time_to_learn_japanese,0,21,0.00%,1.57
日本語 資格,https://gaikoku-jinzai.tcj-education.com/posts/japanese_lang_skills,0,1,0.00%,1.00
日本語のレベル,https://gaikoku-jinzai.tcj-education.com/posts/time_to_learn_japanese,0,2,0.00%,1.00
日本語の習得難易度,https://gaikoku-jinzai.tcj-education.com/posts/time_to_learn_japanese,0,3,0.00%,1.00
日本語を学ぶ理由,https://gaikoku-jinzai.tcj-education.com/posts/learning_japanese,0,2,0.00%,1.00
日本語を習得するのにかかる時間,https://gaikoku-jinzai.tcj-education.com/posts/time_to_learn_japanese,0,4,0.00%,5.50
日本語テスト,https://gaikoku-jinzai.tcj-education.com/posts/japanese_lang_skills,0,1,0.00%,2.00
日本語ネイティブレベルとは,https://gaikoku-jinzai.tcj-education.com/posts/time_to_learn_japanese,0,1,0.00%,1.00
日本語レベル,https://gaikoku-jinzai.tcj-education.com/posts/time_to_learn_japanese,0,176,0.00%,1.01
日本語レベル 関係,https://gaikoku-jinzai.tcj-education.com/posts/japanese_lang_skills,0,28,0.00%,37.46
日本語レベルとは,https://gaikoku-jinzai.tcj-education.com/posts/time_to_learn_japanese,0,1,0.00%,1.00
日本語学校 留学生 アルバイト,https://gaikoku-jinzai.tcj-education.com/posts/parttimework_for_international_students,0,5,0.00%,3.80
日本語学習 時間,https://gaikoku-jinzai.tcj-education.com/posts/time_to_learn_japanese,0,28,0.00%,7.61
日本語学習サイト 無料,https://gaikoku-jinzai.tcj-education.com/posts/time_to_learn_japanese,0,1,0.00%,11.00
日本語学習時間 目安,https://gaikoku-jinzai.tcj-education.com/posts/time_to_learn_japanese,0,75,0.00%,7.64
日本語指導,https://gaikoku-jinzai.tcj-education.com/posts/time_to_learn_japanese,0,2,0.00%,1.00
日本語検定 ランク,https://gaikoku-jinzai.tcj-education.com/posts/japanese_lang_skills,0,6,0.00%,1.33
日本語検定 レベル,https://gaikoku-jinzai.tcj-education.com/posts/japanese_lang_skills,0,1,0.00%,1.00
日本語検定 種類,https://gaikoku-jinzai.tcj-education.com/posts/japanese_lang_skills,0,1,0.00%,1.00
日本語検定 面接,https://gaikoku-jinzai.tcj-education.com/posts/japanese_lang_skills,0,1,0.00%,1.00
日本語特有の表現,https://gaikoku-jinzai.tcj-education.com/posts/clear_japanese,0,46,0.00%,2.80
日本語独特の表現,https://gaikoku-jinzai.tcj-education.com/posts/clear_japanese,0,2,0.00%,1.00
日本語習得 何年,https://gaikoku-jinzai.tcj-education.com/posts/time_to_learn_japanese,0,2,0.00%,1.00
日本語習得にかかる時間,https://gaikoku-jinzai.tcj-education.com/posts/time_to_learn_japanese,0,16,0.00%,1.69
日本語習得レベル,https://gaikoku-jinzai.tcj-education.com/posts/time_to_learn_japanese,0,4,0.00%,2.25
日本語習得難易度,https://gaikoku-jinzai.tcj-education.com/posts/time_to_learn_japanese,0,1,0.00%,1.00
日本語能力試験 外国人採用,https://gaikoku-jinzai.tcj-education.com/posts/japanese_lang_skills,0,8,0.00%,44.88
日本語能力試驗,https://gaikoku-jinzai.tcj-education.com/posts/jlpt,0,5,0.00%,1.80
日本語覚えるのにかかる時間,https://gaikoku-jinzai.tcj-education.com/posts/time_to_learn_japanese,0,5,0.00%,1.00
曖昧な表現,https://gaikoku-jinzai.tcj-education.com/posts/clear_japanese,0,1,0.00%,3.00
株式会社tcjグローバル,https://gaikoku-jinzai.tcj-education.com/,0,3,0.00%,10.67
欧米 働き 方,https://gaikoku-jinzai.tcj-education.com/posts/work_life_balance,0,58,0.00%,78.59
欧米 働き方,https://gaikoku-jinzai.tcj-education.com/posts/work_life_balance,0,1,0.00%,1.00
求人票 英語 テンプレート,https://gaikoku-jinzai.tcj-education.com/posts/job_posting2,0,3,0.00%,17.33
海外 ビジネス 違い,https://gaikoku-jinzai.tcj-education.com/posts/Business_manners,0,12,0.00%,69.92
海外 ビジネス 違い,https://gaikoku-jinzai.tcj-education.com/posts/business_manners,0,16,0.00%,37.75
海外 ビジネスマナー,https://gaikoku-jinzai.tcj-education.com/posts/Business_manners,0,17,0.00%,70.00
海外 ビジネスマナー,https://gaikoku-jinzai.tcj-education.com/posts/business_manners,0,15,0.00%,65.60
海外 人材 採用,https://gaikoku-jinzai.tcj-education.com/posts/recruitment_cost,0,2,0.00%,62.50
海外ビジネス 文化,https://gaikoku-jinzai.tcj-education.com/posts/Business_manners,0,3,0.00%,91.33
海外ビジネス 文化,https://gaikoku-jinzai.tcj-education.com/posts/business_manners,0,1,0.00%,100.00
海外人材タイムス,https://gaikoku-jinzai.tcj-education.com/,0,32,0.00%,7.53
海外人材タイムズ,https://gaikoku-jinzai.tcj-education.com/,0,18,0.00%,5.94
海外人材派遣 日本語話せる レベル,https://gaikoku-jinzai.tcj-education.com/posts/japanese_lang_skills,0,24,0.00%,20.96
海外人材派遣 日本語話せる レベル,https://gaikoku-jinzai.tcj-education.com/posts/time_to_learn_japanese,0,2,0.00%,48.50
特定 技能 労災 報告,https://gaikoku-jinzai.tcj-education.com/posts/work_injury_insurance,0,1,0.00%,64.00
特定技能,https://gaikoku-jinzai.tcj-education.com/seminar/sem28,0,1,0.00%,9.00
特定技能 面接 質問,https://gaikoku-jinzai.tcj-education.com/posts/nursing_care1,0,2,0.00%,18.50
特定技能2号 日本語能力,https://gaikoku-jinzai.tcj-education.com/posts/japanese_lang_skills,0,9,0.00%,1.00
留学 生 アルバイト,https://gaikoku-jinzai.tcj-education.com/posts/parttimework_for_international_students,0,2,0.00%,92.00
留学ビザ 卒業後 アルバイト,https://gaikoku-jinzai.tcj-education.com/posts/parttimework_for_international_students,0,1,0.00%,3.00
留学生 28時間 計算方法,https://gaikoku-jinzai.tcj-education.com/posts/parttimework_for_international_students,0,14,0.00%,30.07
留学生 28時間 超えた,https://gaikoku-jinzai.tcj-education.com/posts/parttimework_for_international_students,0,1,0.00%,50.00
留学生 アルバイト 28時間,https://gaikoku-jinzai.tcj-education.com/posts/parttimework_for_international_students,0,6,0.00%,48.17
留学生 アルバイト 28時間 なぜ,https://gaikoku-jinzai.tcj-education.com/posts/parttimework_for_international_students,0,8,0.00%,1.00
留学生 アルバイト 採用,https://gaikoku-jinzai.tcj-education.com/posts/parttimework_for_international_students,0,23,0.00%,39.65
留学生 アルバイト 時間,https://gaikoku-jinzai.tcj-education.com/posts/parttimework_for_international_students,0,1,0.00%,38.00
留学生 アルバイト 時間制限,https://gaikoku-jinzai.tcj-education.com/posts/parttimework_for_international_students,0,1,0.00%,38.00
留学生 バイト,https://gaikoku-jinzai.tcj-education.com/posts/parttimework_for_international_students,0,3,0.00%,63.00
留学生 バイト 所得税,https://gaikoku-jinzai.tcj-education.com/posts/parttimework_for_international_students,0,2,0.00%,1.00
留学生 有給 28時間,https://gaikoku-jinzai.tcj-education.com/posts/parttimework_for_international_students,0,1,0.00%,1.00
留学生 雇用,https://gaikoku-jinzai.tcj-education.com/posts/parttimework_for_international_students,0,2,0.00%,43.50
留学生 雇用 方法,https://gaikoku-jinzai.tcj-education.com/posts/parttimework_for_international_students,0,6,0.00%,65.83
留学生に日本語を教える,https://gaikoku-jinzai.tcj-education.com/posts/time_to_learn_japanese,0,2,0.00%,1.00
異文化 言い換え,https://gaikoku-jinzai.tcj-education.com/posts/clear_japanese,0,1,0.00%,12.00
異文化理解 言い換え,https://gaikoku-jinzai.tcj-education.com/posts/clear_japanese,0,7,0.00%,12.71
研修ビザ 要件,https://gaikoku-jinzai.tcj-education.com/tags/visa,0,3,0.00%,57.00
研修制度 外国人,https://gaikoku-jinzai.tcj-education.com/posts/ikusei-shuro-seido,0,1,0.00%,3.00
育成 就労 制度,https://gaikoku-jinzai.tcj-education.com/posts/ikusei-shuro-seido,0,1,0.00%,57.00
育成 就労 制度 と は,https://gaikoku-jinzai.tcj-education.com/posts/ikusei-shuro-seido,0,1,0.00%,44.00
育成 就労 制度 デメリット,https://gaikoku-jinzai.tcj-education.com/posts/ikusei-shuro-seido,0,1,0.00%,79.00
育成 就労 技能 実習,https://gaikoku-jinzai.tcj-education.com/posts/ikusei-shuro-seido,0,1,0.00%,79.00
育成就労,https://gaikoku-jinzai.tcj-education.com/posts/ikusei-shuro-seido,0,2,0.00%,38.50
育成就労 いつから,https://gaikoku-jinzai.tcj-education.com/posts/ikusei-shuro-seido,0,2,0.00%,51.50
育成就労 スケジュール,https://gaikoku-jinzai.tcj-education.com/posts/ikusei-shuro-seido,0,1,0.00%,1.00
育成就労 メリット,https://gaikoku-jinzai.tcj-education.com/posts/ikusei-shuro-seido,0,1,0.00%,40.00
育成就労 在留期間,https://gaikoku-jinzai.tcj-education.com/posts/ikusei-shuro-seido,0,1,0.00%,9.00
育成就労 家族帯同,https://gaikoku-jinzai.tcj-education.com/posts/ikusei-shuro-seido,0,5,0.00%,2.80
育成就労 技能実習 違い,https://gaikoku-jinzai.tcj-education.com/posts/ikusei-shuro-seido,0,25,0.00%,84.32
育成就労とは,https://gaikoku-jinzai.tcj-education.com/posts/ikusei-shuro-seido,0,1,0.00%,28.00
育成就労と技能実習の違い,https://gaikoku-jinzai.tcj-education.com/posts/ikusei-shuro-seido,0,1,0.00%,3.00
育成就労と特定技能の違い,https://gaikoku-jinzai.tcj-education.com/posts/ikusei-shuro-seido,0,1,0.00%,96.00
育成就労制度 いつから,https://gaikoku-jinzai.tcj-education.com/posts/ikusei-shuro-seido,0,14,0.00%,67.07
育成就労制度 とは,https://gaikoku-jinzai.tcj-education.com/posts/ikusei-shuro-seido,0,20,0.00%,68.45
育成就労制度 デメリット,https://gaikoku-jinzai.tcj-education.com/posts/ikusei-shuro-seido,0,1,0.00%,38.00
育成就労制度 何が変わる,https://gaikoku-jinzai.tcj-education.com/posts/ikusei-shuro-seido,0,1,0.00%,26.00
育成就労制度 家族帯同,https://gaikoku-jinzai.tcj-education.com/posts/ikusei-shuro-seido,0,66,0.00%,1.48
育成就労制度 技能実習 違い,https://gaikoku-jinzai.tcj-education.com/posts/ikusei-shuro-seido,0,20,0.00%,82.60
育成就労制度 施行 いつ 2026,https://gaikoku-jinzai.tcj-education.com/posts/ikusei-shuro-seido,0,4,0.00%,10.75
育成就労制度 施行 いつ 2027,https://gaikoku-jinzai.tcj-education.com/posts/ikusei-shuro-seido,0,1,0.00%,6.00
育成就労制度 概要,https://gaikoku-jinzai.tcj-education.com/posts/ikusei-shuro-seido,0,1,0.00%,44.00
育成就労制度いつから,https://gaikoku-jinzai.tcj-education.com/posts/ikusei-shuro-seido,0,2,0.00%,57.00
育成就労制度とは,https://gaikoku-jinzai.tcj-education.com/posts/ikusei-shuro-seido,0,15,0.00%,53.80
要約して,https://gaikoku-jinzai.tcj-education.com/posts/Sense_of_time,0,1,0.00%,3.00
言語処理能力,https://gaikoku-jinzai.tcj-education.com/posts/japanese_lang_skills,0,1,0.00%,1.00
雇用する,https://gaikoku-jinzai.tcj-education.com/posts/status_and_issues_hiring_foreigner,0,1,0.00%,1.00
韓国 働き方,https://gaikoku-jinzai.tcj-education.com/posts/work_life_balance,0,2,0.00%,1.00
高度専門職,https://gaikoku-jinzai.tcj-education.com/posts/highly_skilled_professional,0,3,0.00%,1.00
ｔｏｐｊ 採用,https://gaikoku-jinzai.tcj-education.com/posts/japanese_lang_skills,0,1,0.00%,50.00
