"file_name","extension","relative_path","size_bytes","last_write_time"
"外国人_オンボーディング.html",".html","articles\2026\01\外国人_オンボーディング.html","41586","2026-01-28 23:46:31"
"在留資格更新.md",".md","articles\2026\02\在留資格更新.md","37799","2026-02-02 17:56:15"
"cfe_about.html",".html","articles\Abitus\CFE\cfe_about.html","34612","2026-01-26 14:52:07"
"CFEとは_リライト方針.md",".md","articles\Abitus\CFE\CFEとは\CFEとは_リライト方針.md","8796","2026-01-13 15:18:51"
"CFEとは.html",".html","articles\Abitus\CFE\CFEとは\CFEとは.html","45991","2026-01-21 10:27:16"
"index.html",".html","articles\Abitus\CFE\CFEとは\index.html","34612","2026-01-26 15:52:08"
"rewrite_plan.md",".md","articles\Abitus\CFE\CFEとは\rewrite_plan.md","8796","2026-01-13 15:18:51"
"CFE難易度_リライト方針.md",".md","articles\Abitus\CFE\CFE難易度\CFE難易度_リライト方針.md","10403","2026-01-13 15:04:35"
"rewrite_plan.md",".md","articles\Abitus\CFE\CFE難易度\rewrite_plan.md","10403","2026-01-13 15:04:35"
"CFE年収_リライト方針.md",".md","articles\Abitus\CFE\CFE年収\CFE年収_リライト方針.md","9914","2026-01-13 15:20:15"
"index.html",".html","articles\Abitus\CFE\CFE年収\index.html","34612","2026-01-26 15:52:22"
"rewrite_plan.md",".md","articles\Abitus\CFE\CFE年収\rewrite_plan.md","9914","2026-01-13 15:20:15"
"index.html",".html","articles\Abitus\CFE\index.html","34612","2026-01-26 14:53:19"
"rewrite_plan_template.md",".md","articles\Abitus\CFE\templates\rewrite_plan_template.md","600","2026-01-26 14:59:37"
"index.html",".html","articles\Abitus\CFE\コンプライアンス違反\index.html","41747","2026-01-28 16:01:51"
"rewrite_plan.md",".md","articles\Abitus\CFE\コンプライアンス違反\rewrite_plan.md","13694","2026-01-13 15:05:35"
"コンプライアンス違反_リライト方針.md",".md","articles\Abitus\CFE\コンプライアンス違反\コンプライアンス違反_リライト方針.md","13694","2026-01-13 15:05:35"
"index.html",".html","articles\Abitus\CFE\不正会計\index.html","73845","2026-01-26 18:04:28"
"rewrite_plan.md",".md","articles\Abitus\CFE\不正会計\rewrite_plan.md","11463","2026-01-13 15:05:06"
"不正会計_リライト方針.md",".md","articles\Abitus\CFE\不正会計\不正会計_リライト方針.md","11463","2026-01-13 15:05:06"
"construction_intern_draft.md",".md","articles\TCJ\2026\01\research\construction_intern_draft.md","5937","2026-01-07 10:45:02"
"construction_intern_research.md",".md","articles\TCJ\2026\01\research\construction_intern_research.md","5953","2026-01-06 21:45:04"
"construction_intern_structure.md",".md","articles\TCJ\2026\01\research\construction_intern_structure.md","2586","2026-01-07 10:44:29"
"競合分析レポート_オンボーディング.md",".md","articles\TCJ\2026\01\research\競合分析レポート_オンボーディング.md","5334","2026-01-26 00:50:39"
"フィリピン介護統計_インフォグラフィック.html",".html","articles\TCJ\2026\01\フィリピン介護統計_インフォグラフィック.html","4151","2026-01-14 15:56:41"
"フィリピン人_介護_採用.html",".html","articles\TCJ\2026\01\フィリピン人_介護_採用.html","43159","2026-01-14 16:42:30"
"育成就労制度.html",".html","articles\TCJ\2026\01\育成就労制度.html","31645","2026-01-19 15:19:24"
"介護_外国人_採用.html",".html","articles\TCJ\2026\01\介護_外国人_採用.html","31624","2026-01-21 16:51:14"
"外国人_オンボーディング.html",".html","articles\TCJ\2026\01\外国人_オンボーディング.html","41506","2026-01-26 14:17:21"
"外国人_人権問題.html",".html","articles\TCJ\2026\01\外国人_人権問題.html","27806","2026-01-19 15:19:21"
"外国人材_建築_wordpress.html",".html","articles\TCJ\2026\01\外国人材_建築_wordpress.html","48416","2026-01-07 13:46:48"
"外国人材_紹介会社_おすすめ_2026_rewrite.html",".html","articles\TCJ\2026\01\外国人材_紹介会社_おすすめ_2026_rewrite.html","37874","2026-01-13 12:02:48"
"外国人材紹介会社の選び方_wordpress_v2.html",".html","articles\TCJ\2026\01\外国人材紹介会社の選び方_wordpress_v2.html","38646","2025-12-27 02:52:02"
"建設_外国人技能実習生_wordpress.html",".html","articles\TCJ\2026\01\建設_外国人技能実習生_wordpress.html","18934","2026-01-07 11:53:49"
"建設・土木分野での外国人技能実習生の役割.html",".html","articles\TCJ\2026\01\建設・土木分野での外国人技能実習生の役割.html","11816","2026-01-07 10:45:28"
"content_plan.md",".md","articles\TCJ\new\transportation_driver\content_plan.md","3408","2026-02-18 11:23:07"
"seo_phase1.md",".md","articles\TCJ\new\transportation_driver\seo_phase1.md","3905","2026-02-18 11:30:18"
"seo_phase2.md",".md","articles\TCJ\new\transportation_driver\seo_phase2.md","3036","2026-02-18 11:36:59"
"seo_phase3.md",".md","articles\TCJ\new\transportation_driver\seo_phase3.md","5341","2026-02-18 11:37:36"
"rewrite_plan.md",".md","articles\TCJ\rewrite\nursing_care1\rewrite_plan.md","11707","2026-02-17 17:26:43"
"architecture.html",".html","output\architecture.html","87996","2026-02-02 16:36:38"
"immigration_control_law_revision.html",".html","output\immigration_control_law_revision.html","28431","2026-02-17 17:30:07"
"nursing_care_training.html",".html","output\nursing_care_training.html","33912","2026-02-02 11:19:36"
"nursing_care1.html",".html","output\nursing_care1.html","34028","2026-02-17 18:55:12"
"recruitment_cost_rewrite_v1.html",".html","output\recruitment_cost_rewrite_v1.html","20874","2026-02-14 13:32:24"
"recruitment_cost_rewrite_v2.html",".html","output\recruitment_cost_rewrite_v2.html","20896","2026-02-14 13:34:31"
"recruitment_cost_rewrite_v3.html",".html","output\recruitment_cost_rewrite_v3.html","20929","2026-02-14 13:35:29"
"recruitment_cost_rewrite_v4.html",".html","output\recruitment_cost_rewrite_v4.html","20977","2026-02-14 13:36:26"
"recruitment_cost_rewrite_v5.html",".html","output\recruitment_cost_rewrite_v5.html","20965","2026-02-14 13:37:24"
"status_and_issues_hiring_foreigner_rewrite_v2.html",".html","output\status_and_issues_hiring_foreigner_rewrite_v2.html","28516","2026-02-14 12:37:07"
"transportation_driver_v1.html",".html","output\transportation_driver_v1.html","33050","2026-02-18 13:58:50"
"外国人採用_求人票リライトWF_完成版.html",".html","output\外国人採用_求人票リライトWF_完成版.html","28186","2026-02-10 18:47:34"
"外国人採用のための求人票の書き方【完全ガイド】.html",".html","output\外国人採用のための求人票の書き方【完全ガイド】.html","28186","2026-02-10 18:47:34"
"外国人採用の課題と現状_リライトWF_完成版_v2.html",".html","output\外国人採用の課題と現状_リライトWF_完成版_v2.html","50703","2026-02-12 18:22:23"
"外国人採用の課題と現状_リライトWF_完成版.html",".html","output\外国人採用の課題と現状_リライトWF_完成版.html","23450","2026-02-12 16:50:20"
"求人票_リライトWF_分析レポート.md",".md","output\求人票_リライトWF_分析レポート.md","10255","2026-02-10 14:42:39"
"在留資格更新.html",".html","output\在留資格更新.html","63298","2026-02-09 23:06:49"
"留学生アルバイト_28時間ルール.html",".html","output\留学生アルバイト_28時間ルール.html","50134","2026-02-03 17:57:06"
