"relative_path","line_count","size_bytes","last_write_time"
"data\gsc\gsc_2026-01-19_2026-02-18.csv","407","46163","2026-02-18 14:01:53"
"data\published_urls\export-all-urls-392852.CSV","84","13727","2026-01-19 11:04:24"
"delete\empty_exports\Performance__https___gaikoku-jinzai.tcj-education.com_-Performance-on-Search-2026-02-12__検索での見え方.csv","1","67","2026-02-12 10:10:25"
"Performance\https___gaikoku-jinzai.tcj-education.com_-Performance-on-Search-2026-02-12\クエリ.csv","345","13270","2026-02-12 10:10:25"
"Performance\https___gaikoku-jinzai.tcj-education.com_-Performance-on-Search-2026-02-12\デバイス.csv","4","146","2026-02-12 10:10:25"
"Performance\https___gaikoku-jinzai.tcj-education.com_-Performance-on-Search-2026-02-12\フィルタ.csv","3","66","2026-02-12 10:10:25"
"Performance\https___gaikoku-jinzai.tcj-education.com_-Performance-on-Search-2026-02-12\ページ.csv","104","8328","2026-02-12 10:10:25"
"Performance\https___gaikoku-jinzai.tcj-education.com_-Performance-on-Search-2026-02-12\国.csv","115","3095","2026-02-12 10:10:25"
"Performance\https___gaikoku-jinzai.tcj-education.com_-Performance-on-Search-2026-02-12\平均読み込み時間のチャート.csv","29","815","2026-02-12 10:10:25"
"reports\indexes\articles_master_index.csv","59","7549","2026-02-18 15:04:01"
"reports\indexes\keyword_rankings_master.csv","273","19533","2026-02-18 15:04:01"
"reports\indexes\keyword_volume_master.csv","183","19784","2026-02-18 15:04:01"
"reports\raw_data\article_quality_report.csv","86","12693","2026-02-01 23:18:50"
"reports\raw_data\無題のスプレッドシート - SAS_2026-02-01_16-31-32.csv","388","45317","2026-02-01 23:40:59"
"SERanking\Keyword Stats 2026-01-19 at 11_24_39.csv","145","17824","2026-01-19 11:25:02"
"SERanking\Keyword Stats 2026-02-18 at 11_17_03.csv","39","4974","2026-02-18 11:17:19"
"SERanking\tcj_competitors_overall_2026-02-16.csv","139","9325","2026-02-17 00:43:39"
"SERanking\tcj_positions_detailed_2026-01-25.csv","137","20289","2026-01-26 00:24:56"
"SERanking\tcj_positions_detailed_2026-02-12.csv","137","20061","2026-02-12 10:05:28"
