"source_file","Google Japan, UI言語: 日本語"
"tcj_positions_detailed_2026-01-25.csv","キーワード"
"tcj_positions_detailed_2026-01-25.csv","外国人採用 リスク管理"
"tcj_positions_detailed_2026-01-25.csv","外国人 日本語レベル 見極め"
"tcj_positions_detailed_2026-01-25.csv","日本語学習時間 目安"
"tcj_positions_detailed_2026-01-25.csv","外国人 ビジネスマナー 比較"
"tcj_positions_detailed_2026-01-25.csv","外国人 求人票 書き方"
"tcj_positions_detailed_2026-01-25.csv","フィリピン人 介護士"
"tcj_positions_detailed_2026-01-25.csv","外国人 オンボーディング"
"tcj_positions_detailed_2026-01-25.csv","外国人 求人票 ポイント"
"tcj_positions_detailed_2026-01-25.csv","ネパール人材 特徴"
"tcj_positions_detailed_2026-01-25.csv","外国人採用 失敗"
"tcj_positions_detailed_2026-01-25.csv","フィリピン 介護 人材"
"tcj_positions_detailed_2026-01-25.csv","留学生 アルバイト 採用"
"tcj_positions_detailed_2026-01-25.csv","JLPT ビジネスレベル"
"tcj_positions_detailed_2026-01-25.csv","優秀 外国人 採用"
"tcj_positions_detailed_2026-01-25.csv","ワークライフバランス 国別"
"tcj_positions_detailed_2026-01-25.csv","働き方 違い 海外"
"tcj_positions_detailed_2026-01-25.csv","外国人 採用 コスト"
"tcj_positions_detailed_2026-01-25.csv","海外 ビジネスマナー"
"tcj_positions_detailed_2026-01-25.csv","日本語レベル 関係"
"tcj_positions_detailed_2026-01-25.csv","外国人 採用 注意点"
"tcj_positions_detailed_2026-01-25.csv","外国人 選考 ポイント"
"tcj_positions_detailed_2026-01-25.csv","外国人 人材派遣"
"tcj_positions_detailed_2026-01-25.csv","外国人 人材紹介 メリット デメリット"
"tcj_positions_detailed_2026-01-25.csv","留学生 雇用 方法"
"tcj_positions_detailed_2026-01-25.csv","外国人材 雇用条件"
"tcj_positions_detailed_2026-01-25.csv","外国人 採用 条件"
"tcj_positions_detailed_2026-01-25.csv","ダイバーシティ採用 メリット"
"tcj_positions_detailed_2026-01-25.csv","ダイバーシティ 企業成長"
"tcj_positions_detailed_2026-01-25.csv","外国人 採用 面接"
"tcj_positions_detailed_2026-01-25.csv","外国人 面接 質問"
"tcj_positions_detailed_2026-01-25.csv","外国人 採用 フロー"
"tcj_positions_detailed_2026-01-25.csv","外国人 採用 面接 進め方"
"tcj_positions_detailed_2026-01-25.csv","外国人 採用 接客"
"tcj_positions_detailed_2026-01-25.csv","外国人 採用 介護"
"tcj_positions_detailed_2026-01-25.csv","外国人 採用 エンジニア"
"tcj_positions_detailed_2026-01-25.csv","外国人 募集 方法"
"tcj_positions_detailed_2026-01-25.csv","外国人 求人 募集"
"tcj_positions_detailed_2026-01-25.csv","優秀 外国人 見極め"
"tcj_positions_detailed_2026-01-25.csv","外国人 採用 課題"
"tcj_positions_detailed_2026-01-25.csv","地方企業 外国人採用"
"tcj_positions_detailed_2026-01-25.csv","外国人採用 成功事例"
"tcj_positions_detailed_2026-01-25.csv","外国人 志望動機 見抜く"
"tcj_positions_detailed_2026-01-25.csv","外国人 採用 ミスマッチ"
"tcj_positions_detailed_2026-01-25.csv","ミスマッチ 防ぐ コミュニケーション"
"tcj_positions_detailed_2026-01-25.csv","外国人 採用 求人媒体"
"tcj_positions_detailed_2026-01-25.csv","外国人 採用 プラットフォーム"
"tcj_positions_detailed_2026-01-25.csv","外国人 面接 通訳"
"tcj_positions_detailed_2026-01-25.csv","面接 通訳 注意点"
"tcj_positions_detailed_2026-01-25.csv","外国人 採用 人柄重視"
"tcj_positions_detailed_2026-01-25.csv","初めて 外国人採用"
"tcj_positions_detailed_2026-01-25.csv","外国人 採用 準備"
"tcj_positions_detailed_2026-01-25.csv","外国人 採用 やること"
"tcj_positions_detailed_2026-01-25.csv","外国人 採用 手続き"
"tcj_positions_detailed_2026-01-25.csv","技能実習 特定技能 違い"
"tcj_positions_detailed_2026-01-25.csv","技能実習 とは"
"tcj_positions_detailed_2026-01-25.csv","在留資格 特定活動"
"tcj_positions_detailed_2026-01-25.csv","高度専門職 とは"
"tcj_positions_detailed_2026-01-25.csv","特定技能 介護"
"tcj_positions_detailed_2026-01-25.csv","特定技能 宿泊"
"tcj_positions_detailed_2026-01-25.csv","特定技能 外食"
"tcj_positions_detailed_2026-01-25.csv","留学生 採用 ビザ変更"
"tcj_positions_detailed_2026-01-25.csv","在留資格変更手続き"
"tcj_positions_detailed_2026-01-25.csv","在留資格 更新"
"tcj_positions_detailed_2026-01-25.csv","ビザ 更新 手続き"
"tcj_positions_detailed_2026-01-25.csv","技術人文国際業務 更新"
"tcj_positions_detailed_2026-01-25.csv","技人国 更新"
"tcj_positions_detailed_2026-01-25.csv","留学生 アルバイト 28時間"
"tcj_positions_detailed_2026-01-25.csv","資格外活動許可"
"tcj_positions_detailed_2026-01-25.csv","監理団体 登録支援機関 違い"
"tcj_positions_detailed_2026-01-25.csv","特定技能試験 会場"
"tcj_positions_detailed_2026-01-25.csv","特定技能試験 日程"
"tcj_positions_detailed_2026-01-25.csv","特定技能 合格率"
"tcj_positions_detailed_2026-01-25.csv","外国人 社会保険"
"tcj_positions_detailed_2026-01-25.csv","外国人 雇用保険 加入義務"
"tcj_positions_detailed_2026-01-25.csv","ビザ 不許可 理由"
"tcj_positions_detailed_2026-01-25.csv","在留資格 不許可 企業側"
"tcj_positions_detailed_2026-01-25.csv","外国人 定着"
"tcj_positions_detailed_2026-01-25.csv","外国人 離職防止"
"tcj_positions_detailed_2026-01-25.csv","外国人 職場環境"
"tcj_positions_detailed_2026-01-25.csv","外国人 定着率 上げる"
"tcj_positions_detailed_2026-01-25.csv","外国人材 定着支援"
"tcj_positions_detailed_2026-01-25.csv","外国人受け入れ 準備"
"tcj_positions_detailed_2026-01-25.csv","外国人材 サポート"
"tcj_positions_detailed_2026-01-25.csv","外国人社員 フォロー"
"tcj_positions_detailed_2026-01-25.csv","多文化共生 マネジメント"
"tcj_positions_detailed_2026-01-25.csv","外国人 部下 マネジメント"
"tcj_positions_detailed_2026-01-25.csv","外国人 キャリアパス"
"tcj_positions_detailed_2026-01-25.csv","外国人 キャリア支援"
"tcj_positions_detailed_2026-01-25.csv","外国人 評価"
"tcj_positions_detailed_2026-01-25.csv","外国人 フィードバック"
"tcj_positions_detailed_2026-01-25.csv","外国人 関わり方 研修"
"tcj_positions_detailed_2026-01-25.csv","日本人社員 意識改革"
"tcj_positions_detailed_2026-01-25.csv","外国人 宗教 配慮"
"tcj_positions_detailed_2026-01-25.csv","イスラム教 礼拝 職場"
"tcj_positions_detailed_2026-01-25.csv","察する文化 海外"
"tcj_positions_detailed_2026-01-25.csv","ハイコンテクスト ローコンテクスト"
"tcj_positions_detailed_2026-01-25.csv","日本 ビジネスマナー 外国人"
"tcj_positions_detailed_2026-01-25.csv","日本の常識 外国人"
"tcj_positions_detailed_2026-01-25.csv","外国人 コミュニケーション フレーズ"
"tcj_positions_detailed_2026-01-25.csv","やさしい日本語 言い換え"
"tcj_positions_detailed_2026-01-25.csv","やさしい日本語 例文"
"tcj_positions_detailed_2026-01-25.csv","やさしい日本語 使い方"
"tcj_positions_detailed_2026-01-25.csv","日本語能力試験 とは"
"tcj_positions_detailed_2026-01-25.csv","JLPT N1 レベル"
"tcj_positions_detailed_2026-01-25.csv","日本語学習 企業 サポート"
"tcj_positions_detailed_2026-01-25.csv","外国人 日本語教育 eラーニング"
"tcj_positions_detailed_2026-01-25.csv","技能実習制度 廃止"
"tcj_positions_detailed_2026-01-25.csv","技能実習制度 今後"
"tcj_positions_detailed_2026-01-25.csv","育成就労制度 とは"
"tcj_positions_detailed_2026-01-25.csv","育成就労制度 技能実習 違い"
"tcj_positions_detailed_2026-01-25.csv","円安 外国人労働者 影響"
"tcj_positions_detailed_2026-01-25.csv","円安 人材流出"
"tcj_positions_detailed_2026-01-25.csv","2025年 外国人採用 予測"
"tcj_positions_detailed_2026-01-25.csv","人手不足 予測"
"tcj_positions_detailed_2026-01-25.csv","外国人雇用 法改正"
"tcj_positions_detailed_2026-01-25.csv","出入国管理法 改正"
"tcj_positions_detailed_2026-01-25.csv","フィリピン人材 特徴"
"tcj_positions_detailed_2026-01-25.csv","ミャンマー人 国民性"
"tcj_positions_detailed_2026-01-25.csv","ベトナム人 仕事観"
"tcj_positions_detailed_2026-01-25.csv","ベトナム人 就職 意識"
"tcj_positions_detailed_2026-01-25.csv","育成就労制度"
"tcj_positions_detailed_2026-01-25.csv","育成就労制度 いつから"
"tcj_positions_detailed_2026-01-25.csv","育成就労 技能実習 違い"
"tcj_positions_detailed_2026-01-25.csv","技能実習 廃止"
"tcj_positions_detailed_2026-01-25.csv","外国人 人権 問題"
"tcj_positions_detailed_2026-01-25.csv","技能実習生 人権問題"
"tcj_positions_detailed_2026-01-25.csv","介護 外国人 採用"
"tcj_positions_detailed_2026-01-25.csv","介護 特定技能"
"tcj_positions_detailed_2026-01-25.csv","フィリピン人 介護 採用"
"tcj_positions_detailed_2026-01-25.csv","外国人材 紹介会社 おすすめ"
"tcj_positions_detailed_2026-01-25.csv","外国人材 紹介会社 比較"
"tcj_positions_detailed_2026-01-25.csv","外国人材 紹介会社 選び方"
"tcj_positions_detailed_2026-01-25.csv","建設 外国人 採用"
"tcj_positions_detailed_2026-01-25.csv","建設 特定技能"
"tcj_positions_detailed_2026-01-25.csv","建設 技能実習生"
"tcj_positions_detailed_2026-02-12.csv","キーワード"
"tcj_positions_detailed_2026-02-12.csv","外国人採用 リスク管理"
"tcj_positions_detailed_2026-02-12.csv","外国人 日本語レベル 見極め"
"tcj_positions_detailed_2026-02-12.csv","外国人 オンボーディング"
"tcj_positions_detailed_2026-02-12.csv","フィリピン人 介護 採用"
"tcj_positions_detailed_2026-02-12.csv","外国人 ビジネスマナー 比較"
"tcj_positions_detailed_2026-02-12.csv","日本語学習時間 目安"
"tcj_positions_detailed_2026-02-12.csv","フィリピン 介護 人材"
"tcj_positions_detailed_2026-02-12.csv","フィリピン人 介護士"
"tcj_positions_detailed_2026-02-12.csv","JLPT ビジネスレベル"
"tcj_positions_detailed_2026-02-12.csv","外国人採用 失敗"
"tcj_positions_detailed_2026-02-12.csv","外国人 求人票 ポイント"
"tcj_positions_detailed_2026-02-12.csv","フィリピン人材 特徴"
"tcj_positions_detailed_2026-02-12.csv","外国人 採用 コスト"
"tcj_positions_detailed_2026-02-12.csv","優秀 外国人 採用"
"tcj_positions_detailed_2026-02-12.csv","外国人 人権 問題"
"tcj_positions_detailed_2026-02-12.csv","ネパール人材 特徴"
"tcj_positions_detailed_2026-02-12.csv","働き方 違い 海外"
"tcj_positions_detailed_2026-02-12.csv","育成就労制度 とは"
"tcj_positions_detailed_2026-02-12.csv","留学生 雇用 方法"
"tcj_positions_detailed_2026-02-12.csv","留学生 アルバイト 28時間"
"tcj_positions_detailed_2026-02-12.csv","海外 ビジネスマナー"
"tcj_positions_detailed_2026-02-12.csv","育成就労 技能実習 違い"
"tcj_positions_detailed_2026-02-12.csv","育成就労制度 いつから"
"tcj_positions_detailed_2026-02-12.csv","外国人 採用 課題"
"tcj_positions_detailed_2026-02-12.csv","ワークライフバランス 国別"
"tcj_positions_detailed_2026-02-12.csv","育成就労制度 技能実習 違い"
"tcj_positions_detailed_2026-02-12.csv","外国人 採用 注意点"
"tcj_positions_detailed_2026-02-12.csv","外国人 選考 ポイント"
"tcj_positions_detailed_2026-02-12.csv","外国人 人材派遣"
"tcj_positions_detailed_2026-02-12.csv","外国人 人材紹介 メリット デメリット"
"tcj_positions_detailed_2026-02-12.csv","留学生 アルバイト 採用"
"tcj_positions_detailed_2026-02-12.csv","外国人材 雇用条件"
"tcj_positions_detailed_2026-02-12.csv","外国人 採用 条件"
"tcj_positions_detailed_2026-02-12.csv","ダイバーシティ採用 メリット"
"tcj_positions_detailed_2026-02-12.csv","ダイバーシティ 企業成長"
"tcj_positions_detailed_2026-02-12.csv","外国人 採用 面接"
"tcj_positions_detailed_2026-02-12.csv","外国人 面接 質問"
"tcj_positions_detailed_2026-02-12.csv","外国人 採用 フロー"
"tcj_positions_detailed_2026-02-12.csv","外国人 採用 面接 進め方"
"tcj_positions_detailed_2026-02-12.csv","外国人 採用 接客"
"tcj_positions_detailed_2026-02-12.csv","外国人 採用 介護"
"tcj_positions_detailed_2026-02-12.csv","外国人 採用 エンジニア"
"tcj_positions_detailed_2026-02-12.csv","外国人 募集 方法"
"tcj_positions_detailed_2026-02-12.csv","外国人 求人 募集"
"tcj_positions_detailed_2026-02-12.csv","外国人 求人票 書き方"
"tcj_positions_detailed_2026-02-12.csv","優秀 外国人 見極め"
"tcj_positions_detailed_2026-02-12.csv","地方企業 外国人採用"
"tcj_positions_detailed_2026-02-12.csv","外国人採用 成功事例"
"tcj_positions_detailed_2026-02-12.csv","外国人 志望動機 見抜く"
"tcj_positions_detailed_2026-02-12.csv","外国人 採用 ミスマッチ"
"tcj_positions_detailed_2026-02-12.csv","ミスマッチ 防ぐ コミュニケーション"
"tcj_positions_detailed_2026-02-12.csv","外国人 採用 求人媒体"
"tcj_positions_detailed_2026-02-12.csv","外国人 採用 プラットフォーム"
"tcj_positions_detailed_2026-02-12.csv","外国人 面接 通訳"
"tcj_positions_detailed_2026-02-12.csv","面接 通訳 注意点"
"tcj_positions_detailed_2026-02-12.csv","外国人 採用 人柄重視"
"tcj_positions_detailed_2026-02-12.csv","初めて 外国人採用"
"tcj_positions_detailed_2026-02-12.csv","外国人 採用 準備"
"tcj_positions_detailed_2026-02-12.csv","外国人 採用 やること"
"tcj_positions_detailed_2026-02-12.csv","外国人 採用 手続き"
"tcj_positions_detailed_2026-02-12.csv","技能実習 特定技能 違い"
"tcj_positions_detailed_2026-02-12.csv","技能実習 とは"
"tcj_positions_detailed_2026-02-12.csv","在留資格 特定活動"
"tcj_positions_detailed_2026-02-12.csv","高度専門職 とは"
"tcj_positions_detailed_2026-02-12.csv","特定技能 介護"
"tcj_positions_detailed_2026-02-12.csv","特定技能 宿泊"
"tcj_positions_detailed_2026-02-12.csv","特定技能 外食"
"tcj_positions_detailed_2026-02-12.csv","留学生 採用 ビザ変更"
"tcj_positions_detailed_2026-02-12.csv","在留資格変更手続き"
"tcj_positions_detailed_2026-02-12.csv","在留資格 更新"
"tcj_positions_detailed_2026-02-12.csv","ビザ 更新 手続き"
"tcj_positions_detailed_2026-02-12.csv","技術人文国際業務 更新"
"tcj_positions_detailed_2026-02-12.csv","技人国 更新"
"tcj_positions_detailed_2026-02-12.csv","資格外活動許可"
"tcj_positions_detailed_2026-02-12.csv","監理団体 登録支援機関 違い"
"tcj_positions_detailed_2026-02-12.csv","特定技能試験 会場"
"tcj_positions_detailed_2026-02-12.csv","特定技能試験 日程"
"tcj_positions_detailed_2026-02-12.csv","特定技能 合格率"
"tcj_positions_detailed_2026-02-12.csv","外国人 社会保険"
"tcj_positions_detailed_2026-02-12.csv","外国人 雇用保険 加入義務"
"tcj_positions_detailed_2026-02-12.csv","ビザ 不許可 理由"
"tcj_positions_detailed_2026-02-12.csv","在留資格 不許可 企業側"
"tcj_positions_detailed_2026-02-12.csv","外国人 定着"
"tcj_positions_detailed_2026-02-12.csv","外国人 離職防止"
"tcj_positions_detailed_2026-02-12.csv","外国人 職場環境"
"tcj_positions_detailed_2026-02-12.csv","外国人 定着率 上げる"
"tcj_positions_detailed_2026-02-12.csv","外国人材 定着支援"
"tcj_positions_detailed_2026-02-12.csv","外国人受け入れ 準備"
"tcj_positions_detailed_2026-02-12.csv","外国人材 サポート"
"tcj_positions_detailed_2026-02-12.csv","外国人社員 フォロー"
"tcj_positions_detailed_2026-02-12.csv","多文化共生 マネジメント"
"tcj_positions_detailed_2026-02-12.csv","外国人 部下 マネジメント"
"tcj_positions_detailed_2026-02-12.csv","外国人 キャリアパス"
"tcj_positions_detailed_2026-02-12.csv","外国人 キャリア支援"
"tcj_positions_detailed_2026-02-12.csv","外国人 評価"
"tcj_positions_detailed_2026-02-12.csv","外国人 フィードバック"
"tcj_positions_detailed_2026-02-12.csv","外国人 関わり方 研修"
"tcj_positions_detailed_2026-02-12.csv","日本人社員 意識改革"
"tcj_positions_detailed_2026-02-12.csv","外国人 宗教 配慮"
"tcj_positions_detailed_2026-02-12.csv","イスラム教 礼拝 職場"
"tcj_positions_detailed_2026-02-12.csv","察する文化 海外"
"tcj_positions_detailed_2026-02-12.csv","ハイコンテクスト ローコンテクスト"
"tcj_positions_detailed_2026-02-12.csv","日本 ビジネスマナー 外国人"
"tcj_positions_detailed_2026-02-12.csv","日本の常識 外国人"
"tcj_positions_detailed_2026-02-12.csv","外国人 コミュニケーション フレーズ"
"tcj_positions_detailed_2026-02-12.csv","やさしい日本語 言い換え"
"tcj_positions_detailed_2026-02-12.csv","やさしい日本語 例文"
"tcj_positions_detailed_2026-02-12.csv","やさしい日本語 使い方"
"tcj_positions_detailed_2026-02-12.csv","日本語能力試験 とは"
"tcj_positions_detailed_2026-02-12.csv","JLPT N1 レベル"
"tcj_positions_detailed_2026-02-12.csv","日本語学習 企業 サポート"
"tcj_positions_detailed_2026-02-12.csv","外国人 日本語教育 eラーニング"
"tcj_positions_detailed_2026-02-12.csv","日本語レベル 関係"
"tcj_positions_detailed_2026-02-12.csv","技能実習制度 廃止"
"tcj_positions_detailed_2026-02-12.csv","技能実習制度 今後"
"tcj_positions_detailed_2026-02-12.csv","円安 外国人労働者 影響"
"tcj_positions_detailed_2026-02-12.csv","円安 人材流出"
"tcj_positions_detailed_2026-02-12.csv","2025年 外国人採用 予測"
"tcj_positions_detailed_2026-02-12.csv","人手不足 予測"
"tcj_positions_detailed_2026-02-12.csv","外国人雇用 法改正"
"tcj_positions_detailed_2026-02-12.csv","出入国管理法 改正"
"tcj_positions_detailed_2026-02-12.csv","ミャンマー人 国民性"
"tcj_positions_detailed_2026-02-12.csv","ベトナム人 仕事観"
"tcj_positions_detailed_2026-02-12.csv","ベトナム人 就職 意識"
"tcj_positions_detailed_2026-02-12.csv","育成就労制度"
"tcj_positions_detailed_2026-02-12.csv","技能実習 廃止"
"tcj_positions_detailed_2026-02-12.csv","技能実習生 人権問題"
"tcj_positions_detailed_2026-02-12.csv","介護 外国人 採用"
"tcj_positions_detailed_2026-02-12.csv","介護 特定技能"
"tcj_positions_detailed_2026-02-12.csv","外国人材 紹介会社 おすすめ"
"tcj_positions_detailed_2026-02-12.csv","外国人材 紹介会社 比較"
"tcj_positions_detailed_2026-02-12.csv","外国人材 紹介会社 選び方"
"tcj_positions_detailed_2026-02-12.csv","建設 外国人 採用"
"tcj_positions_detailed_2026-02-12.csv","建設 特定技能"
"tcj_positions_detailed_2026-02-12.csv","建設 技能実習生"
